time_ms,  RPM, lambda_1, oil_temp1, air_temp1, water_temp1, exhaust_temp1, lambda_2, oil_temp2, air_temp2, water_temp2, exhaust_temp2, tinj_1, tinj_2, sweep, temp, datapoints1, datapoints2
78246,1250,1.51,46.92,31.49,61.79,-48.88,nan,nan,nan,nan,nan,nan,0,0,0,543,0
78464,1500,1.07,46.95,31.33,61.62,-121.57,1.51,47.09,30.32,61.46,-199.92,0,0,0,0,2009,60
78593,1750,1.25,46.97,31.34,61.66,-104.75,1.45,47.12,30.29,61.47,-199.92,0,53.84,0,0,1907,304
78723,2000,1.22,46.96,30.98,61.52,-187.07,1.15,47.24,30.07,61.5,-199.93,0,-249302.58,0,0,618,2420
78853,2250,1.3,47,30.9,61.46,-199.74,1.24,47.43,29.79,61.68,-199.93,0,0,0,0,550,2109
78983,2500,1.3,46.96,30.78,61.47,-199.92,1.27,47.82,29.48,61.93,-199.93,0,0,0,0,405,1777
79113,2750,1.32,47.05,30.76,61.44,-199.92,1.28,48.23,29.29,62.17,-199.92,0,65535,0,0,330,1498
79245,3000,1.35,46.97,30.7,61.43,-199.92,1.29,48.67,29.08,62.43,-199.92,0,0,0,0,266,1459
79376,3250,1.35,47.04,30.59,61.4,-199.92,1.29,50.55,28.92,62.79,-199.92,0,2.17,0,0,281,1490
79507,3500,1.33,47.06,30.53,61.43,-199.92,1.27,52.17,28.78,63.11,-199.92,0,0,0,0,194,1288
79708,3750,1.34,47.05,30.46,61.41,-199.92,1.3,53.22,28.55,63.36,-199.92,0,0,0,0,145,1449
79838,4000,nan,nan,nan,nan,nan,1.22,53.84,28.38,63.8,-199.92,0,0,0,0,0,1247
300837,1250,1.51,47.55,31.57,61.03,-40.99,1.51,47.63,30.09,60.71,-199.92,-199.92,0,1,0,545,66
300966,1500,1.1,47.54,31.35,60.92,-114.73,1.51,47.63,30.09,60.71,-199.92,0,0,1,0,1801,81
301095,1750,1.27,47.53,31.39,60.93,-95.17,1.41,47.78,30.02,60.71,-199.92,0,0,1,0,2109,358
301224,2000,1.27,47.52,30.91,60.8,-174.94,1.21,47.78,29.73,60.74,-199.93,0,0.01,1,0,618,2605
301353,2250,1.34,47.58,30.7,60.81,-194.99,1.29,47.93,29.13,60.81,-199.93,0,0,1,0,501,2050
301541,2500,1.33,47.55,30.6,60.81,-199.92,1.3,48.3,28.79,61.01,-199.93,7000,0,1,0,408,1777
301670,2750,1.33,47.59,30.48,60.7,-199.92,1.31,48.82,28.64,61.3,-199.92,0,65535,1,0,371,1536
301799,3000,1.36,47.65,30.41,60.75,-199.92,1.31,49.97,28.46,61.61,-199.92,0,3000,1,0,265,1456
301929,3250,1.35,47.63,30.43,60.77,-199.92,1.31,50.67,28.22,61.94,-199.92,0,2.17,1,0,245,1386
302058,3500,1.34,47.61,30.36,60.78,-199.92,1.3,51.89,27.93,62.27,-199.92,0,0,1,0,196,1485
302188,3750,1.32,47.61,30.28,60.72,-199.92,1.35,52.98,27.76,62.61,-199.92,0,0,1,0,123,1388
302318,4000,nan,nan,nan,nan,nan,1.31,54.15,27.61,62.97,-199.92,0,0,1,0,0,1219
350715,1250,1.51,53.65,29.23,68.32,-118.56,1.51,52.02,28.39,68.45,-199.92,-199.92,0,2,1,534,75
350848,1500,0.93,53.21,29.12,68.34,-193.68,1.51,51.93,28.39,68.45,-199.92,0,0,2,1,1607,59
350982,1750,1.11,53.36,29.15,68.35,-160.46,1.45,51.88,28.38,68.4,-199.92,5300,0,2,1,2180,197
351115,2000,1.13,52.99,28.91,68.37,-199.92,1.08,51.73,28.34,68.53,-199.93,0,0,2,1,621,2373
351249,2250,1.24,52.88,28.85,68.34,-199.92,1.17,52.45,28.25,68.73,-199.93,5500,0,2,1,554,2224
351383,2500,1.23,52.75,28.76,68.34,-199.92,1.19,52.65,28.24,69.02,-199.93,0,3000,2,1,364,1641
351518,2750,1.25,52.58,28.74,68.37,-199.92,1.21,52.73,28.25,69.34,-199.93,5300,0,2,1,334,1664
351654,3000,1.28,52.42,28.68,68.4,-199.92,1.24,54.08,28.28,69.69,-199.92,5300,0,2,1,306,1412
351789,3250,1.3,52.29,28.56,68.42,-199.92,1.24,56.43,28.24,70.01,-199.92,5300,2.17,2,1,247,1417
351953,3500,1.31,52.27,28.55,68.39,-199.92,1.23,58.09,28.21,70.36,-199.92,0,0,2,1,231,1320
352083,3750,1.31,52.21,28.53,68.35,-199.92,1.24,58.95,28.23,70.73,-199.92,0,0,2,1,155,1326
352213,4000,nan,nan,nan,nan,nan,1.14,59.69,28.28,71.14,-199.92,0,0,2,1,0,1222
590110,1250,1.51,49.69,33.08,65.96,-55.16,nan,nan,nan,nan,nan,nan,0,3,1,541,0
590239,1500,1.01,49.67,32.79,65.87,-136.28,nan,nan,nan,nan,nan,0,0,3,1,1674,0
590369,1750,1.22,49.66,32.83,65.89,-108.84,1.51,49.8,31.41,65.67,-199.92,0,56.07,3,1,2242,183
590498,2000,1.25,49.71,32.32,65.81,-193.51,1.25,49.9,31.14,65.7,-199.93,0,-232509.14,3,1,672,2294
590627,2250,1.29,49.72,32.18,65.75,-199.92,1.26,50.2,30.61,65.84,-199.93,7000,0,3,1,500,2107
590877,2500,1.3,49.74,32.09,65.73,-199.92,1.26,50.52,30.23,66.05,-199.93,5300,0,3,1,409,1733
591219,2750,1.29,49.73,31.94,65.74,-199.92,1.28,50.71,29.94,66.34,-199.93,0,0,3,1,373,1664
591454,3000,1.33,49.73,31.84,65.72,-199.92,1.29,51.47,29.66,66.6,-199.92,0,0,3,1,343,1415
591798,3250,1.37,49.71,31.79,65.7,-199.92,1.29,52.72,29.41,66.93,-199.92,0,2.17,3,1,245,1384
592053,3500,1.33,49.74,31.79,65.7,-199.92,1.28,53.4,29.15,67.27,-199.92,0,0,3,1,230,1390
592183,3750,1.33,49.79,31.71,65.63,-199.92,1.32,54.79,28.91,67.62,-199.92,0,0,3,1,169,1450
592312,4000,nan,nan,nan,nan,nan,1.24,56.07,28.56,67.97,-199.92,0,0,3,1,0,1163
639637,1250,1.51,56.29,30.17,72.81,-132.49,1.51,53.95,29.08,73.01,-199.92,2112,92579.44,4,2,539,165
639855,1500,0.92,55.72,30.09,72.86,-194.84,1.51,53.94,29.1,72.95,-199.92,0,1.13,4,2,2090,56
639984,1750,1.1,55.84,30.06,72.83,-169.01,1.39,53.87,29.08,73.03,-199.92,5153.3,0,4,2,1822,199
640114,2000,1.17,55.38,29.75,72.87,-199.92,1.06,53.73,28.98,73.16,-199.93,0,-243904.69,4,2,609,2409
640245,2250,1.23,55.18,29.67,72.92,-199.92,1.17,54.84,28.8,73.42,-199.93,0,65535,4,2,498,2006
640377,2500,1.23,54.99,29.59,72.89,-199.92,1.19,55.55,28.69,73.75,-199.93,5300,0,4,2,360,1736
640508,2750,1.24,54.8,29.49,72.94,-199.92,1.2,56.78,28.59,74.1,-199.92,0,92579.44,4,2,334,1622
640639,3000,1.27,54.68,29.42,72.94,-199.92,1.23,58.02,28.59,74.38,-199.92,0,0,4,2,304,1378
640770,3250,1.31,54.49,29.42,72.94,-199.92,1.23,58.69,28.53,74.78,-199.92,0,2.17,4,2,246,1491
640901,3500,1.3,54.43,29.29,72.98,-199.92,1.22,59.67,28.57,75.17,-199.92,0,0,4,2,229,1286
641121,3750,1.28,54.3,29.2,72.97,-199.92,1.23,60.91,28.59,75.56,-199.92,-199.92,0,4,2,155,1360
641249,4000,nan,nan,nan,nan,nan,1.13,62.51,28.64,75.88,-199.92,0,0,4,2,0,1220
841446,1250,1.51,52.1,33.43,70.95,-71.07,nan,nan,nan,nan,nan,nan,82513.83,5,2,432,0
841575,1500,1.01,52,33.18,70.82,-147.11,1.51,52.16,31.77,70.52,-199.92,0,1.27,5,2,2156,127
841705,1750,1.2,52.01,33.19,70.84,-131.5,1.43,52.2,31.69,70.54,-199.92,0,60.73,5,2,1763,177
841835,2000,1.23,52.04,32.81,70.71,-199.92,1.21,52.57,31.42,70.57,-199.93,0,0,5,2,619,2468
841966,2250,1.3,52.05,32.72,70.7,-199.92,1.25,53.1,30.88,70.67,-199.93,5064.62,0,5,2,507,2115
842172,2500,1.28,52.06,32.57,70.65,-199.92,1.27,53.4,30.21,70.84,-199.93,0,0,5,2,457,1733
842301,2750,1.29,52.05,32.41,70.64,-199.92,1.27,53.46,29.88,71.1,-199.92,0,0,5,2,414,1542
842431,3000,1.32,52.07,32.27,70.55,-199.92,1.29,53.69,29.64,71.33,-199.92,0,0,5,2,266,1536
842560,3250,1.34,52.07,32.2,70.51,-199.92,1.29,55.46,29.4,71.64,-199.92,0,2.17,5,2,212,1488
842690,3500,1.32,52.13,32.06,70.53,-199.92,1.28,57.09,29.23,71.95,-199.92,0,0,5,2,263,1289
842820,3750,1.31,52.12,31.91,70.53,-199.92,1.33,59.25,29.04,72.27,-199.92,0,0,5,2,117,1454
842951,4000,nan,nan,nan,nan,nan,1.27,60.73,28.81,72.57,-199.92,0,0,5,2,0,1137
991104,1250,1.51,52.83,31.97,70.97,-70.59,nan,nan,nan,nan,nan,7000,88400.93,6,2,547,0
991294,1500,1.05,52.72,31.75,70.81,-188.02,nan,nan,nan,nan,nan,0,0,6,2,1593,0
991426,1750,1.09,52.78,31.71,70.79,-184.18,1.51,53.39,30.48,70.65,-199.92,0,0,6,2,1230,56
991560,2000,1.3,52.82,31.61,70.74,-187.2,1.38,53.55,30.3,70.62,-199.92,0,0,6,2,786,1553
991695,2250,1.31,52.87,31.47,70.73,-193.54,1.29,53.81,30.09,70.7,-199.93,10.98,0,6,2,554,2154
991831,2500,1.31,52.9,31.44,70.73,-182.97,1.28,54.37,29.87,70.87,-199.93,0,0,6,2,543,1735
991967,2750,1.33,52.95,31.41,70.73,-176.42,1.28,54.7,29.68,71.12,-199.93,0,88400.93,6,2,498,1702
992103,3000,1.36,52.95,31.39,70.75,-174.65,1.3,55.78,29.5,71.37,-199.92,0,0,6,2,423,1415
992237,3250,1.38,53.04,31.34,70.75,-173.23,1.29,57.29,29.26,71.62,-199.92,5300,2.17,6,2,535,1419
992372,3500,1.32,53.11,31.12,70.75,-177,1.28,58.74,29.09,71.87,-199.92,0,0,6,2,362,1353
992572,3750,1.36,53.15,31.11,70.74,-170.68,1.33,60.06,29.08,72.14,-199.92,0,0,6,2,237,1390
992706,4000,1.51,52.77,31.97,70.95,-92.51,1.28,61.42,29,72.4,-199.92,0,0,6,2,59,1221
112190,1250,1.51,53.55,34.5,71.63,-66.48,nan,nan,nan,nan,nan,nan,0,7,2,541,0
112319,1500,1.1,53.56,34.27,71.55,-146.17,1.51,53.92,33.07,71.45,-199.92,0,ovf,7,2,1948,130
112448,1750,1.23,53.55,34.32,71.55,-126.29,1.51,53.89,33.05,71.48,-199.92,0,0,7,2,1900,135
112578,2000,1.32,53.58,33.89,71.47,-199.92,1.25,54.14,32.87,71.54,-199.93,0,-244104.61,7,2,669,1945
112707,2250,1.3,53.58,33.73,71.5,-199.92,1.25,54.6,32.65,71.67,-199.93,0,0,7,2,545,2167
112926,2500,1.28,53.59,33.62,71.48,-199.92,1.26,55,32.43,71.89,-199.93,0,0,7,2,401,1646
113056,2750,1.29,53.61,33.57,71.49,-199.92,1.26,55.11,32.23,72.17,-199.93,7000,0,7,2,370,1789
113187,3000,1.31,53.68,33.46,71.48,-199.92,1.27,55.15,32.02,72.47,-199.92,0,3000,7,2,304,1410
113318,3250,1.32,53.74,33.35,71.42,-199.92,1.27,55.99,31.77,72.7,-199.92,0,2.17,7,2,282,1383
113449,3500,1.29,53.7,33.23,71.43,-199.92,1.26,57.88,31.46,73.01,-199.92,0,0,7,2,261,1389
113580,3750,1.3,53.72,33.23,71.47,-199.92,1.28,60.38,31.17,73.39,-199.92,0,0,7,2,129,1389
113709,4000,nan,nan,nan,nan,nan,1.21,61.91,30.82,73.73,-199.92,0,0,7,2,0,1221
160021,1250,1.51,59.82,32.82,78.61,-149.69,nan,nan,nan,nan,nan,nan,105677.97,8,3,431,0
160154,1500,0.89,59.22,32.5,78.62,-199.55,nan,nan,nan,nan,nan,0,0,8,3,1663,0
160282,1750,1.02,59.37,32.59,78.63,-183.74,1.51,58.94,30.92,78.73,-199.92,0,0,8,3,2236,182
160410,2000,1.19,58.72,32.06,78.62,-199.92,1.09,58.9,30.7,78.8,-199.93,6152.15,5.75,8,3,616,1999
160539,2250,1.23,58.72,31.86,78.57,-199.92,1.17,59.12,30.6,78.99,-199.93,0,0,8,3,547,2158
160667,2500,1.21,58.73,31.75,78.57,-199.92,1.17,59.76,30.34,79.26,-199.93,0,0,8,3,401,1732
160796,2750,1.23,58.76,31.65,78.59,-199.92,1.19,60.79,30.16,79.47,-199.92,0,0,8,3,369,1539
160986,3000,1.26,58.86,31.56,78.61,-199.92,1.22,62.32,29.97,79.85,-199.92,0,1.11,8,3,305,1495
161116,3250,1.27,58.97,31.38,78.66,-199.92,1.22,63.55,29.78,80.12,-199.92,0,2.17,8,3,284,1350
161245,3500,1.26,58.98,31.32,78.69,-199.92,1.21,64.33,29.52,80.33,-199.92,0,0,8,3,262,1359
161376,3750,1.26,59.05,31.26,78.71,-199.92,1.21,65.32,29.29,80.61,-199.92,0,0,8,3,139,1393
161507,4000,nan,nan,nan,nan,nan,1.11,65.97,29.08,80.92,-199.92,0,0,8,3,0,1306
346127,1250,1.51,55.62,34.89,76,-81.08,1.51,55.93,32.8,75.54,-199.92,-199.92,99162.07,9,3,537,65
346255,1500,1.02,55.63,34.58,75.86,-164.64,1.51,55.86,32.88,75.54,-199.92,7000,1.22,9,3,2015,80
346383,1750,1.17,55.63,34.61,75.91,-136.16,1.26,56.01,32.6,75.56,-199.92,5115.96,0,9,3,1837,541
346585,2000,1.28,55.64,33.98,75.75,-199.92,1.12,56.47,32.26,75.52,-199.93,0,0,9,3,730,2791
346714,2250,1.29,55.67,33.85,75.67,-199.92,1.24,57.21,31.74,75.6,-199.93,0,0,9,3,497,2150
346844,2500,1.26,55.69,33.64,75.65,-199.92,1.25,57.4,31.31,75.76,-199.93,0,0,9,3,407,1732
346974,2750,1.29,55.75,33.48,75.59,-199.92,1.26,57.77,30.95,75.99,-199.92,0,65535,9,3,412,1621
347103,3000,1.31,55.74,33.31,75.57,-199.92,1.28,58.72,30.67,76.21,-199.92,0,3000,9,3,341,1494
347233,3250,1.32,55.7,33.18,75.58,-199.92,1.28,60.22,30.34,76.5,-199.92,0,2.17,9,3,270,1383
347364,3500,nan,nan,nan,nan,nan,1.28,61.95,30.04,76.89,-199.92,0,0,9,3,0,1423
347496,3750,nan,nan,nan,nan,nan,1.33,63.51,29.69,77.31,-199.92,0,0,9,3,0,1451
347626,4000,nan,nan,nan,nan,nan,1.22,63.52,29.29,77.65,-199.92,0,0,9,3,0,1277
507502,1250,1.51,56.14,34.36,76,-76.65,nan,nan,nan,nan,nan,nan,0,10,3,541,0
507630,1500,1.09,56.14,34.17,75.86,-160.21,1.51,56.58,32.7,75.73,-199.92,0,1.28,10,3,1869,127
507759,1750,1.2,56.16,34.19,75.9,-137.45,1.51,56.59,32.68,75.77,-199.92,5116.65,0,10,3,2026,133
507890,2000,1.33,56.15,33.76,75.79,-199.92,1.28,56.94,32.48,75.82,-199.93,0,-238506.8,10,3,615,1945
508020,2250,1.3,56.18,33.6,75.77,-199.92,1.27,57.63,32.08,75.92,-199.93,11.01,0,10,3,500,2165
508150,2500,1.28,56.15,33.47,75.68,-199.92,1.28,58.11,31.69,76.14,-199.93,0,0,10,3,409,1732
508281,2750,1.31,56.2,33.35,75.71,-199.92,1.27,58.51,31.33,76.41,-199.93,0,0,10,3,416,1661
508412,3000,1.31,56.28,33.23,75.71,-199.92,1.29,59.78,31.03,76.66,-199.92,0,0,10,3,378,1489
508542,3250,1.33,56.18,33.13,75.64,-199.92,1.28,61.92,30.65,76.97,-199.92,0,2.17,10,3,280,1414
508691,3500,1.3,56.31,33.06,75.72,-199.92,1.27,63.77,30.34,77.21,-199.92,0,0,10,3,262,1353
508822,3750,1.31,56.33,33.01,75.8,-199.92,1.32,65.06,30.09,77.5,-199.92,0,0,10,3,145,1421
508954,4000,nan,nan,nan,nan,nan,1.28,65.63,29.77,77.73,-199.92,0,0,10,3,0,1193
553938,1250,1.51,62.98,32.83,81.54,-162.59,nan,nan,nan,nan,nan,nan,97792.28,11,4,542,0
554067,1500,0.88,62.29,32.73,81.64,-199.93,1.51,60.41,31.41,81.8,-199.92,5365.01,1.12,11,4,1874,135
554198,1750,1.01,62.46,32.74,81.6,-187.29,1.49,60.32,31.31,81.8,-199.92,0,0,11,4,1908,111
554328,2000,1.17,61.95,32.36,81.65,-199.92,1.08,60.22,31.2,81.84,-199.93,4915.68,0,11,4,730,2023
554459,2250,1.22,61.96,32.22,81.76,-199.92,1.15,61.85,30.99,82.01,-199.93,0,0,11,4,498,2093
554680,2500,1.19,61.88,32.08,81.73,-199.92,1.16,62.58,30.69,82.19,-199.93,4915.68,0,11,4,407,1776
554809,2750,1.22,61.67,31.98,81.75,-199.92,1.18,61.99,30.43,82.45,-199.92,0,65535,11,4,371,1619
554941,3000,1.26,61.53,31.82,81.74,-199.92,1.21,62.45,30.21,82.7,-199.92,0,0,11,4,342,1376
555072,3250,1.27,61.38,31.75,81.73,-199.92,1.21,63.92,30.02,82.98,-199.92,0,2.17,11,4,282,1453
555203,3500,1.25,61.24,31.6,81.71,-199.92,1.2,66.72,29.89,83.27,-199.92,0,0,11,4,262,1353
555334,3750,1.25,61.1,31.51,81.73,-199.92,1.21,68.39,29.85,83.62,-199.92,0,0,11,4,110,1329
555465,4000,nan,nan,nan,nan,nan,1.12,69.33,29.84,83.94,-199.92,0,0,11,4,0,1165
710446,1250,1.51,58.07,36.15,81,-98.38,nan,nan,nan,nan,nan,nan,0,12,4,544,0
710575,1500,1.01,58.06,35.8,80.83,-179.94,1.51,58.52,33.73,80.47,-199.92,0,0,12,4,2016,133
710704,1750,1.14,58.07,35.81,80.85,-150.78,1.51,58.48,33.73,80.47,-199.92,5116.65,0,12,4,1898,79
710834,2000,1.28,58.13,35.15,80.73,-199.92,1.2,58.83,33.44,80.47,-199.93,3864.26,0,12,4,619,2051
710965,2250,1.29,58.13,34.96,80.64,-199.92,1.24,59.63,32.89,80.56,-199.93,0,0,12,4,553,2054
711095,2500,1.26,58.16,34.76,80.62,-199.92,1.25,60.63,32.39,80.72,-199.93,0,0,12,4,453,1781
711226,2750,1.28,58.2,34.61,80.65,-199.92,1.25,61.19,31.97,80.88,-199.92,0,65535,12,4,412,1622
711356,3000,1.3,58.23,34.46,80.53,-199.92,1.27,61.1,31.51,81.07,-199.92,0,3000,12,4,302,1419
711487,3250,1.29,58.3,34.33,80.57,-199.92,1.27,61.71,31.07,81.34,-199.92,0,2.17,12,4,316,1527
711711,3500,1.29,58.33,34.16,80.55,-199.92,1.27,64.99,30.75,81.7,-199.92,0,0,12,4,262,1386
711840,3750,1.29,58.4,34.06,80.52,-199.92,1.32,66.47,30.48,82.05,-199.92,0,0,12,4,126,1390
711970,4000,nan,nan,nan,nan,nan,1.23,68.05,30.3,82.37,-199.92,0,0,12,4,0,1249
852817,1250,1.51,58.65,35.37,80.96,-94.77,nan,nan,nan,nan,nan,nan,105541.14,13,4,546,0
852945,1500,1.08,58.71,35.18,80.81,-187.42,nan,nan,nan,nan,nan,0,0,13,4,1386,0
853075,1750,1.18,58.68,35.24,80.83,-149.96,1.51,59.27,33.69,80.55,-199.92,0,65.93,13,4,2440,125
853206,2000,1.31,58.72,34.78,80.69,-199.92,1.25,59.68,33.41,80.6,-199.93,5365.01,0,13,4,619,2051
853336,2250,1.3,58.76,34.66,80.62,-199.92,1.28,60.41,33.02,80.68,-199.93,4915.72,0,13,4,553,2096
853531,2500,1.27,58.74,34.47,80.63,-199.92,1.27,61.01,32.69,80.84,-199.93,0,0,13,4,409,1690
853660,2750,1.3,58.77,34.29,80.59,-199.92,1.27,61.08,32.42,81.08,-199.93,0,65535,13,4,415,1672
853789,3000,1.3,58.83,34.14,80.55,-199.92,1.28,61.32,32.12,81.35,-199.92,0,0,13,4,342,1531
853919,3250,1.31,58.88,34.06,80.58,-199.92,1.28,62.91,31.78,81.64,-199.92,0,2.17,13,4,316,1420
854049,3500,1.29,58.96,33.94,80.57,-199.92,1.27,64.17,31.49,81.92,-199.92,0,0,13,4,262,1452
854179,3750,1.29,59.01,33.91,80.55,-199.92,1.32,65.11,31.26,82.26,-199.92,0,0,13,4,141,1389
854309,4000,nan,nan,nan,nan,nan,1.25,65.93,30.94,82.58,-199.92,0,0,13,4,0,1278
977888,1250,1.51,59.61,34.7,80.99,-95.83,nan,nan,nan,nan,nan,nan,0,14,4,547,0
978079,1500,1.14,59.52,34.06,80.7,-181.76,nan,nan,nan,nan,nan,5365.01,1.3,14,4,1515,0
978209,1750,1.23,59.54,34.23,80.78,-151.14,1.51,60.08,32.97,80.42,-199.92,0,68.59,14,4,2299,178
978339,2000,1.35,59.53,33.89,80.49,-199.92,1.28,60.55,32.77,80.44,-199.93,0,-238106.95,14,4,564,1941
978469,2250,1.31,59.56,33.81,80.52,-199.92,1.3,61.49,32.45,80.51,-199.93,0,0,14,4,605,2207
978599,2500,1.29,59.55,33.68,80.5,-199.92,1.29,61.96,32.08,80.68,-199.93,0,0,14,4,451,1729
978729,2750,1.3,59.6,33.53,80.39,-199.92,1.29,62.18,31.8,80.87,-199.92,0,98014.81,14,4,412,1618
978859,3000,1.31,59.68,33.44,80.46,-199.92,1.3,62.52,31.48,81.14,-199.92,0,0,14,4,302,1490
978990,3250,1.31,59.7,33.35,80.43,-199.92,1.3,63.2,31.15,81.37,-199.92,0,2.17,14,4,283,1382
979121,3500,1.28,59.74,33.34,80.42,-199.92,1.28,64.67,30.92,81.64,-199.92,0,0,14,4,328,1452
979252,3750,1.3,59.85,33.2,80.48,-199.92,1.34,66.75,30.72,81.97,-199.92,0,0,14,4,105,1451
979444,4000,nan,nan,nan,nan,nan,1.3,68.59,30.51,82.3,-199.92,0,0,14,4,0,1191
1026395,1250,1.51,65.82,33.09,86.38,-174.77,1.51,62.88,31.91,86.49,-199.92,0,0,15,5,549,1529
1026525,1500,0.87,65.24,33.08,86.41,-199.36,1.51,62.78,31.96,86.55,-199.92,0,0,15,5,1866,57
1026654,1750,0.98,65.26,33.08,86.41,-193.28,1.28,62.94,31.96,86.5,-199.92,0,0,15,5,1909,141
1026783,2000,1.18,64.61,32.79,86.45,-199.92,0.99,63.15,31.96,86.67,-199.93,0,0,15,5,674,2055
1026913,2250,1.2,64.41,32.68,86.36,-199.92,1.14,63.96,31.86,86.91,-199.93,0,0,15,5,549,2146
1027060,2500,1.19,64.21,32.55,86.35,-199.92,1.15,64.65,31.79,87.16,-199.93,4860.62,0,15,5,404,1775
1027192,2750,1.19,63.95,32.46,86.36,-199.92,1.17,65.84,31.81,87.44,-199.93,0,0,15,5,372,1659
1027323,3000,1.24,63.78,32.41,86.48,-199.92,1.2,68.29,31.8,87.77,-199.92,0,0,15,5,343,1375
1027454,3250,1.25,63.67,32.33,86.4,-199.92,1.19,68.89,31.68,88.09,-199.92,2.17,0,15,5,283,1459
1027586,3500,1.25,63.52,32.17,86.38,-199.92,1.22,69.5,31.45,88.53,-199.92,0,0,15,5,294,1579
1027717,3750,1.23,63.51,32.13,86.42,-199.92,1.23,71.18,31.21,88.89,-199.92,-199.92,0,15,5,108,1515
1027848,4000,nan,nan,nan,nan,nan,1.44,71.89,31.1,89.04,-199.92,0,0,15,5,0,264
1164235,1250,1.51,61.22,35.73,85.93,-113.3,nan,nan,nan,nan,nan,0,0,16,5,554,0
1164364,1500,1.01,61.19,35.4,85.77,-197.66,1.51,61.76,33.77,85.59,-199.92,5470.81,0,16,5,1311,133
1164494,1750,1.11,61.2,35.51,85.82,-164.48,nan,nan,nan,nan,nan,0,0,16,5,2564,0
1164647,2000,1.3,61.22,35,85.67,-199.92,1.23,62.16,33.54,85.53,-199.93,0,0,16,5,615,2016
1164776,2250,1.27,61.25,34.87,85.59,-199.92,1.23,63.2,33.08,85.62,-199.93,0,0,16,5,550,2105
1164905,2500,1.26,61.29,34.66,85.55,-199.92,1.25,63.77,32.66,85.83,-199.93,0,0,16,5,449,1870
1165035,2750,1.28,61.3,34.57,85.62,-199.92,1.25,64.41,32.1,85.98,-199.92,0,0,16,5,330,1618
1165165,3000,1.28,61.38,34.46,85.57,-199.92,1.27,65.58,31.6,86.15,-199.92,0,0,16,5,346,1452
1165295,3250,1.28,61.34,34.37,85.52,-199.92,1.26,67.37,31.13,86.4,-199.92,0,0,16,5,318,1420
1165425,3500,1.27,61.41,34.11,85.54,-199.92,1.25,66.61,30.74,86.68,-199.92,0,0,16,5,297,1420
1165556,3750,1.26,61.44,34.02,85.59,-199.92,1.22,67.3,30.4,86.97,-199.92,-199.92,0,16,5,114,1364
1165687,4000,nan,nan,nan,nan,nan,1.15,68.58,30.19,87.17,-199.92,3.34,0,16,5,0,88
1282622,1250,1.51,61.73,35.85,85.98,-111.56,nan,nan,nan,nan,nan,0,0,17,5,550,0
1282751,1500,1.1,61.61,35.46,85.71,-198.41,1.51,62.31,34.04,85.48,-199.92,nan,0,17,5,1103,143
1282881,1750,1.17,61.64,35.53,85.73,-165.05,1.51,62.37,33.91,85.48,-199.92,0,0,17,5,2764,53
1283010,2000,1.32,61.65,35.02,85.5,-199.92,1.25,62.77,33.73,85.44,-199.93,2005320,0,17,5,668,2020
1283139,2250,1.28,61.68,34.87,85.53,-199.92,1.26,63.8,33.19,85.52,-199.93,0,0,17,5,400,2069
1283269,2500,1.27,61.63,34.71,85.53,-199.92,1.27,64.39,32.82,85.7,-199.93,0,0,17,5,503,1854
1283397,2750,1.28,61.71,34.62,85.56,-199.92,1.27,64.91,32.47,85.94,-199.92,0,0,17,5,374,1622
1283525,3000,1.31,61.73,34.54,85.47,-199.92,1.28,65.78,32.18,86.21,-199.92,0,0,17,5,343,1492
1283741,3250,1.28,61.85,34.39,85.43,-199.92,1.28,66.61,31.82,86.4,-199.92,5256.36,0,17,5,351,1385
1283870,3500,1.29,61.91,34.3,85.43,-199.92,1.29,68.35,31.46,86.69,-199.92,0,0,17,5,261,1583
1283999,3750,1.27,61.99,34.27,85.42,-199.92,1.3,70.75,31.35,86.98,-199.92,-199.92,0,17,5,126,1423
1284147,4000,nan,nan,nan,nan,nan,1.31,72.12,31.28,87.08,-199.92,0,0,17,5,0,119
37211,1250,0.8,63.08,35.94,84.81,-99.54,nan,nan,nan,nan,nan,0,0,18,5,544,0
37342,1500,0.93,63.06,35.51,84.45,-189.84,nan,nan,nan,nan,nan,nan,0,18,5,1382,0
37472,1750,0.95,63.13,35.61,84.52,-151.37,1.51,65.74,33.51,83.95,-199.92,0,0,18,5,2439,59
37603,2000,1.36,63.75,34.97,84.22,-199.92,1.33,65.64,33.26,83.96,-199.93,0,0,18,5,674,2409
37733,2250,1.31,64.11,34.87,84.17,-199.92,1.3,65.83,32.71,84.04,-199.93,0,0,18,5,550,2152
37893,2500,1.31,64.48,34.62,84.12,-199.92,1.31,66.05,32.05,84.09,-199.93,0,0,18,5,405,1864
38022,2750,1.33,64.71,34.44,84.11,-199.92,1.31,65.71,31.47,84.26,-199.92,0,0,18,5,373,1535
38151,3000,1.32,64.94,34.26,84.12,-199.92,1.32,65.68,31.04,84.46,-199.92,0,0,18,5,304,1531
38282,3250,1.31,65.14,34.16,84.06,-199.92,1.31,66.5,30.55,84.69,-199.92,0,0,18,5,282,1453
38413,3500,1.29,65.29,34.12,84.03,-199.92,1.34,68.59,30.21,84.95,-199.92,0,0,18,5,230,1581
38544,3750,1.31,65.41,34.04,84.04,-199.92,1.36,69.37,30.05,85.23,-199.92,-199.92,0,18,5,178,1422
38675,4000,nan,nan,nan,nan,nan,1.34,69.96,30.05,85.39,-199.92,3.33,0,18,5,0,90
85594,1250,1.51,68.88,33.68,88.82,-170.76,nan,nan,nan,nan,nan,0,0,19,5,418,0
85723,1500,0.94,68.33,33.56,88.82,-199.92,nan,nan,nan,nan,nan,nan,0,19,5,1173,0
85888,1750,1.03,68.48,33.59,88.85,-193.99,1.51,67.63,32.06,88.64,-199.92,0,0,19,5,2644,126
86017,2000,1.21,68.27,33.26,88.73,-199.92,1.09,67.85,31.8,88.79,-199.93,0,0,19,5,676,2056
86146,2250,1.2,68.28,33.11,88.71,-199.92,1.18,67.85,31.35,88.94,-199.93,0,0,19,5,549,2105
86274,2500,1.2,68.26,32.96,88.71,-199.92,1.18,68.1,31,89.11,-199.93,0,0,19,5,451,1782
86405,2750,1.21,68.22,32.82,88.71,-199.92,1.18,67.95,30.64,89.33,-199.92,4793.26,0,19,5,369,1584
86536,3000,1.24,68.15,32.63,88.72,-199.92,1.21,68.9,30.26,89.62,-199.92,5025.1,0,19,5,340,1530
86667,3250,1.25,68.1,32.51,88.7,-199.92,1.2,71.08,29.71,89.93,-199.92,0,0,19,5,282,1418
86798,3500,1.23,67.95,32.43,88.73,-199.92,1.31,72.43,29.09,90.5,-199.93,0,0,19,5,231,2025
86929,3750,1.24,67.87,32.39,88.73,-199.92,1.39,73.76,28.87,90.73,-199.93,-199.93,0,19,5,151,2165
87060,4000,nan,nan,nan,nan,nan,1.47,74.99,28.59,91.02,-199.92,0,0,19,5,0,941
248248,1250,1.51,63.64,34.72,85.97,-97.58,nan,nan,nan,nan,nan,0,0,20,5,546,0
248377,1500,1.49,63.63,34.47,85.84,-179.43,1.51,64.27,32.59,85.39,-199.92,nan,0,20,5,1801,128
248506,1750,1.47,63.64,34.51,85.84,-147.81,1.51,64.35,32.38,85.33,-199.92,0,0,20,5,2034,57
248634,2000,1.45,63.61,33.92,85.62,-199.92,1.39,64.98,32.3,85.38,-199.93,0,0,20,5,728,1955
248764,2250,1.35,63.72,33.72,85.56,-199.92,1.38,65.63,31.95,85.4,-199.93,0,0,20,5,401,2211
248893,2500,1.35,63.7,33.5,85.61,-199.92,1.37,65.82,31.5,85.53,-199.93,0,0,20,5,503,1818
249023,2750,1.36,63.73,33.4,85.57,-199.92,1.36,66.87,30.93,85.67,-199.92,0,0,20,5,414,1578
249154,3000,1.33,63.81,33.21,85.54,-199.92,1.35,67.93,30.45,85.87,-199.92,0,0,20,5,342,1418
249284,3250,1.33,63.81,33.01,85.56,-199.92,1.33,68.05,29.91,86.06,-199.92,0,0,20,5,282,1530
249501,3500,1.32,63.82,32.99,85.48,-199.92,1.28,68.94,29.37,86.41,-199.93,3843.67,0,20,5,265,1642
249630,3750,1.3,63.9,32.91,85.43,-199.92,1.21,70.64,29.13,86.59,-199.92,-199.92,0,20,5,174,1455
249760,4000,nan,nan,nan,nan,nan,1.43,71.75,28.98,86.79,-199.92,0,0,20,5,0,354
363309,1250,1.51,64.29,35.32,85.98,-102.68,nan,nan,nan,nan,nan,0,0,21,5,546,0
363438,1500,1.36,64.27,35.1,85.89,-181.58,1.51,64.78,33.34,85.66,-199.92,nan,0,21,5,1942,125
363567,1750,1.35,64.27,35.07,85.9,-153.88,1.51,64.81,33.25,85.7,-199.92,0,0,21,5,1968,58
363696,2000,1.35,64.32,34.61,85.78,-199.92,1.33,65.13,33.02,85.65,-199.93,0,0,21,5,615,1991
363919,2250,1.3,64.32,34.5,85.76,-199.92,1.31,65.9,32.59,85.7,-199.93,0,0,21,5,504,2111
364054,2500,1.31,64.36,34.35,85.74,-199.92,1.31,66.9,32.15,85.84,-199.93,2.17,0,21,5,456,1685
364188,2750,1.32,64.34,34.11,85.73,-199.92,1.3,67.35,31.75,86.06,-199.93,0,0,21,5,414,1664
364323,3000,1.31,64.42,34.04,85.71,-199.92,1.31,67.15,31.32,86.23,-199.92,nan,0,21,5,304,1417
364457,3250,1.3,64.4,33.85,85.64,-199.92,1.3,67.6,30.95,86.48,-199.92,0,0,21,5,319,1561
364591,3500,1.29,64.45,33.73,85.65,-199.92,1.32,70.92,30.67,87,-199.93,0,0,21,5,296,1930
364727,3750,1.3,64.5,33.73,85.64,-199.92,1.26,72.18,30.6,87.18,-199.92,-199.92,0,21,5,150,1639
32373,1250,1.51,65.83,35.91,88.86,-126.34,nan,nan,nan,nan,nan,0,0,21,6,550,0
32502,1500,0.99,65.8,35.52,88.75,-198.59,nan,nan,nan,nan,nan,nan,0,22,6,1734,0
32631,1750,1.08,65.8,35.58,88.74,-168.3,1.51,66.28,33.52,88.35,-199.92,0,0,22,6,2099,119
32761,2000,1.23,65.8,34.77,88.56,-199.92,1.2,66.48,33.16,88.35,-199.92,0,0,22,6,619,1601
32962,2250,1.23,65.81,34.62,88.52,-199.92,1.21,67.09,32.83,88.47,-199.93,0,0,22,6,601,2221
33092,2500,1.23,65.92,34.42,88.53,-199.92,1.2,68.1,32.32,88.61,-199.93,0,0,22,6,362,1822
33221,2750,1.24,65.94,34.34,88.47,-199.92,1.21,68.26,31.88,88.77,-199.92,0,0,22,6,416,1614
33351,3000,1.26,65.97,34.13,88.4,-199.92,1.23,68.42,31.64,88.98,-199.92,0,0,22,6,417,1448
33481,3250,1.27,66.08,33.99,88.4,-199.92,1.22,68.68,31.39,89.22,-199.92,0,0,22,6,280,1383
33611,3500,1.25,66.13,33.9,88.39,-199.92,1.21,69.31,31.19,89.5,-199.92,0,0,22,6,296,1448
33742,3750,1.26,66.15,33.88,88.39,-199.92,1.2,70.49,31.06,89.75,-199.92,ovf,0,22,6,130,1392
33874,4000,nan,nan,nan,nan,nan,1.26,71.34,30.95,89.93,-199.92,0,0,22,6,0,118
