OnTime_(ms),Time_(UTC),Speed_(km/h),Distance_(m),RPM,Lambda,Starter,Gear,Fuel_correction,Fuel_consumption_(km/l),Fuel_consumed_(g),Battery_voltage_(V),Oil_temperature_(C),Water_temperature_(C),Exhaust_temperature_(C), Air_Temperature_(C), Brake_front_(bar),Brake_rear_(bar),ecu_state, injection_duration_(us), injection_angle, burning, tuning_state
895.00,1970-00-00 00:00:00.895,9.93,0.94,0.00,0.80,0.00,1.00,1.00,999.00,0.00,13.11,0.00,0.00,0.00,0.00,-0.24,0.04,17.00,10.00,0.00,0.00,0.00
2525.00,1970-01-01 00:00:02.525,17.58,9.36,0.00,0.80,0.00,2.00,1.00,999.00,0.00,13.11,67.64,84.70,-135.16,32.45,6.39,0.04,17.00,10.00,0.00,0.00,0.00
2625.00,1970-01-01 00:00:02.625,17.26,9.83,0.00,0.80,0.00,2.00,1.00,999.00,0.00,13.10,67.64,84.70,-135.16,32.45,6.36,4.09,17.00,10.00,0.00,0.00,0.00
2725.00,1970-01-01 00:00:02.725,16.95,10.30,0.00,0.80,0.00,2.00,1.00,999.00,0.00,13.11,67.64,84.70,-135.16,32.45,6.38,4.09,17.00,10.00,0.00,0.00,0.00
2825.00,1970-01-01 00:00:02.825,16.65,10.65,0.00,0.81,0.00,2.00,1.00,999.00,0.00,13.08,67.51,84.56,-132.80,32.45,6.38,4.10,17.00,10.00,0.00,0.00,0.00
2925.00,1970-01-01 00:00:02.925,16.41,11.12,0.00,0.81,0.00,2.00,1.00,999.00,0.00,13.06,67.51,84.56,-132.80,32.61,6.32,4.09,17.00,10.00,0.00,0.00,0.00
3025.00,1970-01-01 00:00:03.025,16.05,11.59,0.00,0.82,0.00,2.00,1.00,999.00,0.00,13.08,67.51,84.66,-132.80,32.61,6.33,4.10,17.00,10.00,0.00,0.00,0.00
3125.00,1970-01-01 00:00:03.125,15.67,12.05,0.00,0.82,0.00,2.00,1.00,999.00,0.00,13.08,67.52,84.66,-132.40,32.61,6.28,4.11,17.00,10.00,0.00,0.00,0.00
3225.00,1970-01-01 00:00:03.225,15.35,12.41,0.00,0.80,0.00,2.00,1.00,999.00,0.00,13.10,67.52,84.66,-132.40,32.61,6.29,4.09,17.00,10.00,0.00,0.00,0.00
3325.00,1970-01-01 00:00:03.325,15.13,12.76,0.00,0.80,0.00,2.00,1.00,999.00,0.00,13.10,67.55,84.53,-132.09,32.63,6.31,4.09,17.00,10.00,0.00,0.00,0.00
3425.00,1970-01-01 00:00:03.425,14.76,13.22,0.00,0.80,0.00,2.00,1.00,999.00,0.00,13.04,67.55,84.53,-132.09,32.63,6.28,4.08,17.00,10.00,0.00,0.00,0.00
3525.00,1970-01-01 00:00:03.525,14.47,13.58,0.00,0.80,0.00,2.00,1.00,999.00,0.00,13.06,67.55,84.56,-132.09,32.63,6.31,4.06,17.00,10.00,0.00,0.00,0.00
3625.00,1970-01-01 00:00:03.625,14.14,13.93,0.00,0.80,0.00,2.00,1.00,999.00,0.00,13.05,67.58,84.56,-131.63,32.63,6.28,4.06,17.00,10.00,0.00,0.00,0.00
3725.00,1970-01-01 00:00:03.725,13.77,14.28,0.00,0.80,0.00,2.00,1.00,999.00,0.00,13.09,67.58,84.56,-131.63,32.66,6.26,4.07,17.00,10.00,0.00,0.00,0.00
3825.00,1970-01-01 00:00:03.825,13.48,14.75,0.00,0.80,0.00,2.00,1.00,999.00,0.00,13.03,67.53,84.58,-131.26,32.66,6.29,4.09,17.00,10.00,0.00,0.00,0.00
3925.00,1970-01-01 00:00:03.925,13.14,14.98,0.00,0.82,0.00,2.00,1.00,999.00,0.00,13.04,67.53,84.58,-131.26,32.66,6.26,4.08,17.00,10.00,0.00,0.00,0.00
4025.00,1970-01-01 00:00:04.025,12.80,15.33,0.00,0.81,0.00,2.00,1.00,999.00,0.00,13.04,67.53,84.51,-131.26,32.66,6.27,4.08,17.00,10.00,0.00,0.00,0.00
4125.00,1970-01-01 00:00:04.125,12.42,15.68,0.00,0.82,0.00,2.00,1.00,999.00,0.00,13.06,67.48,84.51,-130.97,32.73,6.25,4.08,17.00,10.00,0.00,0.00,0.00
4225.00,1970-01-01 00:00:04.225,12.03,16.03,0.00,0.82,0.00,2.00,1.00,999.00,0.00,13.04,67.48,84.51,-130.97,32.73,6.25,4.07,17.00,10.00,0.00,0.00,0.00
4325.00,1970-01-01 00:00:04.325,11.78,16.27,0.00,0.82,0.00,1.00,1.00,999.00,0.00,13.03,67.48,84.56,-130.97,32.73,6.26,4.05,17.00,10.00,0.00,0.00,0.00
4425.00,1970-01-01 00:00:04.425,11.43,16.62,0.00,0.82,0.00,1.00,1.00,999.00,0.00,13.09,67.58,84.56,-130.59,32.73,6.24,4.10,17.00,10.00,0.00,0.00,0.00
4525.00,1970-01-01 00:00:04.525,11.06,16.97,0.00,0.80,0.00,1.00,1.00,999.00,0.00,13.07,67.58,84.49,-130.59,32.70,6.26,4.10,17.00,10.00,0.00,0.00,0.00
4625.00,1970-01-01 00:00:04.625,10.79,17.20,0.00,0.81,0.00,1.00,1.00,999.00,0.00,13.06,67.52,84.49,-130.21,32.70,6.19,4.08,17.00,10.00,0.00,0.00,0.00
4725.00,1970-01-01 00:00:04.725,10.44,17.44,0.00,0.80,0.00,1.00,1.00,999.00,0.00,13.06,67.52,84.49,-130.21,32.70,6.24,4.07,17.00,10.00,0.00,0.00,0.00
4825.00,1970-01-01 00:00:04.825,10.09,17.79,0.00,0.80,0.00,1.00,1.00,999.00,0.00,12.99,67.52,84.51,-130.21,32.70,6.22,4.08,17.00,10.00,0.00,0.00,0.00
4925.00,1970-01-01 00:00:04.925,9.71,18.02,0.00,0.80,0.00,1.00,1.00,999.00,0.00,13.03,67.50,84.51,-129.88,32.78,6.23,4.05,17.00,10.00,0.00,0.00,0.00
5025.00,1970-01-01 00:00:05.025,9.39,18.26,0.00,0.80,0.00,1.00,1.00,999.00,0.00,13.03,67.50,84.53,-129.88,32.78,6.23,4.09,17.00,10.00,0.00,0.00,0.00
5125.00,1970-01-01 00:00:05.125,9.05,18.49,0.00,0.81,0.00,1.00,1.00,999.00,0.00,13.02,67.55,84.53,-129.51,32.78,6.22,4.08,17.00,10.00,0.00,0.00,0.00
5225.00,1970-01-01 00:00:05.225,8.73,18.73,0.00,0.81,0.00,1.00,1.00,999.00,0.00,13.07,67.55,84.53,-129.51,32.78,6.25,4.09,17.00,10.00,0.00,0.00,0.00
5325.00,1970-01-01 00:00:05.325,8.40,18.96,0.00,0.81,0.00,1.00,1.00,999.00,0.00,13.01,67.55,84.49,-129.51,32.76,6.22,4.08,17.00,10.00,0.00,0.00,0.00
5425.00,1970-01-01 00:00:05.425,8.18,19.08,0.00,0.81,0.00,1.00,1.00,999.00,0.00,13.01,67.45,84.49,-129.27,32.76,6.21,4.07,17.00,10.00,0.00,0.00,0.00
5525.00,1970-01-01 00:00:05.525,7.74,19.31,0.00,0.81,0.00,1.00,1.00,999.00,0.00,13.08,67.45,84.44,-129.27,32.76,6.22,4.09,17.00,10.00,0.00,0.00,0.00
5625.00,1970-01-01 00:00:05.625,7.32,19.54,0.00,0.81,0.00,1.00,1.00,999.00,0.00,13.00,67.45,84.44,-129.27,32.76,6.21,4.06,17.00,10.00,0.00,0.00,0.00
5725.00,1970-01-01 00:00:05.725,7.12,19.66,0.00,0.81,0.00,1.00,1.00,999.00,0.00,13.01,67.44,84.44,-128.98,32.76,6.23,4.08,17.00,10.00,0.00,0.00,0.00
5825.00,1970-01-01 00:00:05.825,6.70,19.90,0.00,0.81,0.00,1.00,1.00,999.00,0.00,13.04,67.44,84.44,-128.98,32.76,6.17,4.05,17.00,10.00,0.00,0.00,0.00
5925.00,1970-01-01 00:00:05.925,6.47,20.01,0.00,0.80,0.00,1.00,1.00,999.00,0.00,13.05,67.48,84.44,-128.50,32.76,6.24,4.09,17.00,10.00,0.00,0.00,0.00
6025.00,1970-01-01 00:00:06.025,6.20,20.13,0.00,0.81,0.00,1.00,1.00,999.00,0.00,13.02,67.48,84.44,-128.50,32.76,6.21,4.08,17.00,10.00,0.00,0.00,0.00
6125.00,1970-01-01 00:00:06.125,5.72,20.36,0.00,0.80,0.00,1.00,1.00,999.00,0.00,13.05,67.48,84.44,-128.50,32.79,6.19,4.08,17.00,10.00,0.00,0.00,0.00
6225.00,1970-01-01 00:00:06.225,5.43,20.48,0.00,0.80,0.00,1.00,1.00,999.00,0.00,13.08,67.48,84.44,-128.29,32.79,6.18,4.07,17.00,10.00,0.00,0.00,0.00
6325.00,1970-01-01 00:00:06.325,5.13,20.60,0.00,0.80,0.00,1.00,1.00,999.00,0.00,13.07,67.48,84.47,-128.29,32.79,6.17,4.06,17.00,10.00,0.00,0.00,0.00
6425.00,1970-01-01 00:00:06.425,4.81,20.72,0.00,0.81,0.00,1.00,1.00,999.00,0.00,13.06,67.44,84.47,-127.91,32.79,6.18,4.08,17.00,10.00,0.00,0.00,0.00
6525.00,1970-01-01 00:00:06.525,4.42,20.83,0.00,0.81,0.00,1.00,1.00,999.00,0.00,13.05,67.44,84.54,-127.91,32.83,6.17,4.06,17.00,10.00,0.00,0.00,0.00
6625.00,1970-01-01 00:00:06.625,4.32,20.95,0.00,0.82,0.00,1.00,1.00,999.00,0.00,13.06,67.44,84.54,-127.91,32.83,6.17,4.06,17.00,10.00,0.00,0.00,0.00
6725.00,1970-01-01 00:00:06.725,4.03,20.95,0.00,0.81,0.00,1.00,1.00,999.00,0.00,12.99,67.51,84.54,-127.61,32.83,6.16,4.07,17.00,10.00,0.00,0.00,0.00
6825.00,1970-01-01 00:00:06.825,3.59,21.07,0.00,0.81,0.00,1.00,1.00,999.00,0.00,13.03,67.51,84.51,-127.61,32.83,6.15,4.06,17.00,10.00,0.00,0.00,0.00
6925.00,1970-01-01 00:00:06.925,3.08,21.18,0.00,0.81,0.00,1.00,1.00,999.00,0.00,13.03,67.51,84.51,-127.61,32.88,6.17,4.07,17.00,10.00,0.00,0.00,0.00
7025.00,1970-01-01 00:00:07.025,3.08,21.18,0.00,0.81,0.00,1.00,1.00,999.00,0.00,13.03,67.52,84.44,-127.18,32.88,6.10,4.04,17.00,10.00,0.00,0.00,0.00
7125.00,1970-01-01 00:00:07.125,2.47,21.30,0.00,0.80,0.00,1.00,1.00,999.00,0.00,13.04,67.52,84.44,-127.18,32.88,5.90,3.93,17.00,10.00,0.00,0.00,0.00
7225.00,1970-01-01 00:00:07.225,2.47,21.30,0.00,0.80,0.00,1.00,1.00,999.00,0.00,13.05,67.43,84.44,-126.80,32.88,5.84,3.92,17.00,10.00,0.00,0.00,0.00
7325.00,1970-01-01 00:00:07.325,2.47,21.30,0.00,0.80,0.00,1.00,1.00,999.00,0.00,13.07,67.43,84.42,-126.80,32.86,5.80,3.90,17.00,10.00,0.00,0.00,0.00
7425.00,1970-01-01 00:00:07.425,2.47,21.42,0.00,0.80,0.00,1.00,1.00,999.00,0.00,13.02,67.43,84.42,-126.80,32.86,5.77,3.89,17.00,10.00,0.00,0.00,0.00
7525.00,1970-01-01 00:00:07.525,1.51,21.42,0.00,0.80,0.00,1.00,1.00,999.00,0.00,13.06,67.44,84.35,-126.60,32.86,5.60,3.79,17.00,10.00,0.00,0.00,0.00
7625.00,1970-01-01 00:00:07.625,1.51,21.42,0.00,0.81,0.00,1.00,1.00,999.00,0.00,13.04,67.44,84.35,-126.60,32.86,5.53,3.75,17.00,10.00,0.00,0.00,0.00
7725.00,1970-01-01 00:00:07.725,1.51,21.42,0.00,0.81,0.00,1.00,1.00,999.00,0.00,13.04,67.48,84.35,-126.11,32.94,5.51,3.75,17.00,10.00,0.00,0.00,0.00
7825.00,1970-01-01 00:00:07.825,1.51,21.42,0.00,0.81,0.00,1.00,1.00,999.00,0.00,13.03,67.48,84.40,-126.11,32.94,5.51,3.74,17.00,10.00,0.00,0.00,0.00
7925.00,1970-01-01 00:00:07.925,-0.00,21.42,0.00,0.81,0.00,1.00,1.00,999.00,0.00,13.03,67.48,84.40,-126.11,32.94,5.51,3.76,17.00,10.00,0.00,0.00,0.00
8025.00,1970-01-01 00:00:08.025,-0.00,21.42,0.00,0.81,0.00,1.00,1.00,999.00,0.00,13.02,67.45,84.34,-125.89,32.94,5.49,3.79,17.00,10.00,0.00,0.00,0.00
8125.00,1970-01-01 00:00:08.125,-0.00,21.42,0.00,0.81,0.00,1.00,1.00,999.00,0.00,13.06,67.45,84.34,-125.89,32.91,5.33,3.69,17.00,10.00,0.00,0.00,0.00
8225.00,1970-01-01 00:00:08.225,0.00,21.42,0.00,0.81,0.00,1.00,1.00,999.00,0.00,13.05,67.45,84.34,-125.89,32.91,4.64,3.27,17.00,10.00,0.00,0.00,0.00
8325.00,1970-01-01 00:00:08.325,0.00,21.42,0.00,0.80,0.00,1.00,1.00,999.00,0.00,13.02,67.50,84.37,-125.64,32.91,3.45,2.45,17.00,10.00,0.00,0.00,0.00
8425.00,1970-01-01 00:00:08.425,0.00,21.42,0.00,0.80,0.00,1.00,1.00,999.00,0.00,13.06,67.50,84.37,-125.64,32.91,2.25,1.62,17.00,10.00,0.00,0.00,0.00
8525.00,1970-01-01 00:00:08.525,0.00,21.42,0.00,0.80,0.00,1.00,1.00,999.00,0.00,13.01,67.41,84.33,-125.25,32.96,1.09,0.82,17.00,10.00,0.00,0.00,0.00
8625.00,1970-01-01 00:00:08.625,0.00,21.42,0.00,0.80,0.00,1.00,1.00,999.00,0.00,13.02,67.41,84.33,-125.25,32.96,0.82,0.72,17.00,10.00,0.00,0.00,0.00
8725.00,1970-01-01 00:00:08.725,-0.00,21.42,0.00,0.80,0.00,1.00,1.00,999.00,0.00,13.04,67.41,84.33,-125.25,32.96,0.51,0.44,17.00,10.00,0.00,0.00,0.00
8825.00,1970-01-01 00:00:08.825,-0.00,21.42,0.00,0.81,0.00,1.00,1.00,999.00,0.00,13.05,67.44,84.34,-125.03,32.96,0.26,0.22,17.00,10.00,0.00,0.00,0.00
8925.00,1970-01-01 00:00:08.925,-0.00,21.42,0.00,0.81,0.00,1.00,1.00,999.00,0.00,13.03,67.44,84.34,-125.03,32.88,-0.08,-0.00,17.00,10.00,0.00,0.00,0.00
9025.00,1970-01-01 00:00:09.025,0.00,21.42,0.00,0.81,0.00,1.00,1.00,999.00,0.00,13.04,67.48,84.30,-124.71,32.88,-0.25,-0.09,17.00,10.00,0.00,0.00,0.00
9125.00,1970-01-01 00:00:09.125,0.00,21.42,0.00,0.81,0.00,1.00,1.00,999.00,0.00,13.08,67.48,84.30,-124.71,32.88,-0.28,0.07,17.00,10.00,0.00,0.00,0.00
9225.00,1970-01-01 00:00:09.225,0.00,21.42,0.00,0.81,0.00,1.00,1.00,999.00,0.00,13.00,67.48,84.30,-124.71,32.88,-0.27,0.02,17.00,10.00,0.00,0.00,0.00
9325.00,1970-01-01 00:00:09.325,0.00,21.42,0.00,0.81,0.00,1.00,1.00,999.00,0.00,13.00,67.45,84.27,-124.31,32.90,-0.24,0.03,17.00,10.00,0.00,0.00,0.00
9425.00,1970-01-01 00:00:09.425,1.17,21.53,0.00,0.81,0.00,1.00,1.00,999.00,0.00,13.04,67.45,84.27,-124.31,32.90,-0.27,0.03,17.00,10.00,0.00,0.00,0.00
9525.00,1970-01-01 00:00:09.525,1.17,21.53,0.00,0.80,0.00,1.00,1.00,999.00,0.00,13.05,67.45,84.34,-124.31,32.90,-0.24,0.03,17.00,10.00,0.00,0.00,0.00
9625.00,1970-01-01 00:00:09.625,1.17,21.53,0.00,0.80,0.00,1.00,1.00,999.00,0.00,13.04,67.43,84.34,-124.01,32.90,-0.26,0.03,17.00,10.00,0.00,0.00,0.00
9725.00,1970-01-01 00:00:09.725,1.17,21.53,0.00,0.80,0.00,1.00,1.00,999.00,0.00,13.03,67.43,84.34,-124.01,32.91,-0.28,0.03,17.00,10.00,0.00,0.00,0.00
9825.00,1970-01-01 00:00:09.825,-0.00,21.53,0.00,0.80,0.00,1.00,1.00,999.00,0.00,13.05,67.50,84.28,-123.85,32.91,-0.25,0.03,17.00,10.00,0.00,0.00,0.00
9925.00,1970-01-01 00:00:09.925,0.00,21.53,0.00,0.81,0.00,1.00,1.00,999.00,0.00,13.01,67.50,84.28,-123.85,32.91,-0.28,0.03,17.00,10.00,0.00,0.00,0.00
10027.00,1970-01-01 00:00:10.027,0.00,21.53,0.00,0.81,0.00,1.00,1.00,999.00,0.00,13.06,67.50,84.27,-123.85,32.91,-0.24,0.03,17.00,10.00,0.00,0.00,0.00
10127.00,1970-01-01 00:00:10.127,0.00,21.53,0.00,0.80,0.00,1.00,1.00,999.00,0.00,13.07,67.44,84.27,-123.48,33.02,-0.24,0.03,17.00,10.00,0.00,0.00,0.00
10227.00,1970-01-01 00:00:10.227,0.00,21.53,0.00,0.81,0.00,1.00,1.00,999.00,0.00,13.00,67.44,84.27,-123.48,33.02,-0.26,0.04,17.00,10.00,0.00,0.00,0.00
10327.00,1970-01-01 00:00:10.327,0.00,21.53,0.00,0.81,0.00,1.00,1.00,999.00,0.00,13.02,67.43,84.32,-123.21,33.02,-0.26,0.03,17.00,10.00,0.00,0.00,0.00
10427.00,1970-01-01 00:00:10.427,0.00,21.53,0.00,0.81,0.00,1.00,1.00,999.00,0.00,13.05,67.43,84.32,-123.21,33.02,-0.28,0.03,17.00,10.00,0.00,0.00,0.00
10527.00,1970-01-01 00:00:10.527,0.00,21.53,0.00,0.81,0.00,1.00,1.00,999.00,0.00,13.00,67.43,84.25,-123.21,32.98,-0.25,0.03,17.00,10.00,0.00,0.00,0.00
10627.00,1970-01-01 00:00:10.627,-0.00,21.53,0.00,0.81,0.00,1.00,1.00,999.00,0.00,13.06,67.41,84.25,-122.80,32.98,-0.24,0.04,17.00,10.00,0.00,0.00,0.00
10727.00,1970-01-01 00:00:10.727,0.00,21.53,0.00,0.81,1.00,1.00,1.00,999.00,0.00,9.17,67.41,84.25,-122.80,32.98,-0.25,0.02,23.00,10.00,0.00,1.00,0.00
10827.00,1970-01-01 00:00:10.827,0.00,21.53,0.00,0.81,1.00,1.00,1.00,999.00,0.00,10.81,67.41,84.23,-122.80,32.98,-0.31,-0.01,23.00,10.00,0.00,1.00,0.00
10927.00,1970-01-01 00:00:10.927,0.00,21.53,10.99,0.81,1.00,1.00,1.00,999.00,0.01,12.18,67.44,84.23,-122.63,32.96,-0.29,-0.01,23.00,7000.00,-20.00,1.00,0.00
11027.00,1970-01-01 00:00:11.027,0.00,21.53,10.99,0.81,1.00,1.00,1.00,999.00,0.01,12.27,67.44,84.26,-122.63,32.96,-0.28,-0.00,23.00,7000.00,-20.00,1.00,0.00
11127.00,1970-01-01 00:00:11.127,0.00,21.53,953.08,0.80,1.00,1.00,1.00,999.00,0.01,12.22,67.38,84.26,-122.29,32.96,-0.28,-0.02,23.00,7000.00,-37.00,1.00,0.00
11227.00,1970-01-01 00:00:11.227,0.00,21.53,1861.91,0.81,0.00,1.00,1.00,999.00,0.02,12.99,67.38,84.26,-122.29,32.96,-0.24,0.05,21.00,4698.73,-62.00,1.00,0.00
11327.00,1970-01-01 00:00:11.327,0.00,21.53,1895.05,0.80,0.00,1.00,1.00,789.25,0.03,13.01,67.38,84.21,-122.29,32.97,-0.25,0.04,21.00,4776.31,-64.00,1.00,0.00
11427.00,1970-01-01 00:00:11.427,-0.00,21.53,1832.65,0.81,0.00,1.00,1.00,694.38,0.04,13.01,67.41,84.21,-122.77,32.97,-0.26,0.07,21.00,4639.40,-60.00,1.00,0.00
11527.00,1970-01-01 00:00:11.527,0.00,21.53,1802.61,0.81,0.00,1.00,1.00,561.35,0.05,12.99,67.41,84.19,-122.77,32.97,-0.25,0.05,21.00,4573.49,-59.00,1.00,0.00
11627.00,1970-01-01 00:00:11.627,1.53,21.65,1820.75,0.81,0.00,1.00,1.00,514.60,0.05,13.02,67.39,84.19,-135.13,32.97,-0.25,0.04,21.00,4616.75,-59.00,1.00,0.00
11727.00,1970-01-01 00:00:11.727,1.53,21.65,1829.38,0.81,0.00,1.00,1.00,437.24,0.06,12.99,67.39,84.19,-135.13,32.96,-0.25,0.05,21.00,4635.48,-60.00,1.00,0.00
11827.00,1970-01-01 00:00:11.827,1.53,21.65,1835.40,0.81,0.00,1.00,1.00,406.59,0.06,13.04,67.39,84.19,-135.13,32.96,-0.25,0.03,21.00,4648.53,-61.00,1.00,0.00
11927.00,1970-01-01 00:00:11.927,1.54,21.77,1789.34,0.81,0.00,1.00,1.00,359.14,0.07,13.01,67.43,84.19,-147.90,32.96,-0.24,0.04,21.00,4548.62,-58.00,1.00,0.00
12027.00,1970-01-01 00:00:12.027,1.54,21.77,1785.61,0.81,0.00,1.00,1.00,338.67,0.08,13.03,67.43,84.09,-147.90,32.96,-0.24,0.04,21.00,4540.53,-58.00,1.00,0.00
12127.00,1970-01-01 00:00:12.127,1.90,21.89,1778.23,0.81,0.00,1.00,1.00,305.64,0.09,13.00,67.43,84.09,-147.90,32.84,-0.26,0.04,21.00,4544.18,-58.00,1.00,0.00
12227.00,1970-01-01 00:00:12.227,1.90,21.89,1777.88,0.81,0.00,1.00,1.00,290.76,0.09,13.02,67.36,84.09,-160.57,32.84,-0.25,0.04,17.00,4543.48,-58.00,0.00,0.00
12327.00,1970-01-01 00:00:12.327,2.23,22.00,1778.01,0.80,0.00,1.00,1.00,266.40,0.10,13.02,67.36,84.09,-160.57,32.84,-0.25,0.05,21.00,4542.24,-58.00,1.00,0.00
12427.00,1970-01-01 00:00:12.427,2.57,22.12,1780.39,0.81,0.00,1.00,1.00,256.43,0.10,13.02,67.41,84.09,-171.79,32.84,-0.24,0.05,21.00,4547.15,-58.00,1.00,0.00
12527.00,1970-01-01 00:00:12.527,2.86,22.24,1771.66,0.80,0.00,1.00,1.00,237.62,0.11,13.04,67.41,84.09,-171.79,32.68,-0.24,0.05,21.00,4529.09,-56.00,1.00,0.00
12627.00,1970-01-01 00:00:12.627,2.86,22.24,1760.02,0.81,0.00,1.00,1.00,228.72,0.12,13.02,67.41,84.09,-171.79,32.68,-0.26,0.08,21.00,4506.68,-56.00,1.00,0.00
12727.00,1970-01-01 00:00:12.727,3.13,22.35,1775.94,0.81,0.00,1.00,1.00,221.58,0.12,13.02,67.41,84.09,-183.04,32.68,-0.25,0.05,21.00,4539.47,-57.00,1.00,0.00
12827.00,1970-01-01 00:00:12.827,3.39,22.47,1770.22,0.81,0.00,1.00,1.00,207.67,0.13,13.02,67.41,84.05,-183.04,32.68,-0.26,0.07,21.00,4535.60,-56.00,1.00,0.00
12927.00,1970-01-01 00:00:12.927,3.62,22.59,1779.44,0.81,0.00,1.00,1.00,201.90,0.13,13.02,67.43,84.05,-193.75,32.63,-0.25,0.05,21.00,4554.20,-58.00,1.00,0.00
13027.00,1970-01-01 00:00:13.027,3.83,22.70,1756.18,0.81,0.00,1.00,1.00,190.52,0.14,13.05,67.43,84.12,-193.75,32.63,-0.24,0.05,17.00,4507.26,-56.00,0.00,0.00
13127.00,1970-01-01 00:00:13.127,4.03,22.82,1767.80,0.81,0.00,1.00,1.00,185.82,0.15,13.02,67.43,84.12,-193.75,32.63,-0.24,0.05,21.00,4516.30,-56.00,1.00,0.00
13227.00,1970-01-01 00:00:13.227,4.25,22.94,1776.59,0.81,0.00,1.00,1.00,176.28,0.15,13.03,67.46,84.12,-199.92,32.63,-0.25,0.04,21.00,4534.72,-57.00,1.00,0.00
13327.00,1970-01-01 00:00:13.327,4.57,23.17,1764.16,0.81,0.00,1.00,1.00,173.23,0.16,13.03,67.46,84.05,-199.92,32.49,-0.28,0.04,21.00,4508.69,-56.00,1.00,0.00
13427.00,1970-01-01 00:00:13.427,4.85,23.29,1748.07,0.81,0.00,1.00,1.00,165.10,0.17,12.94,67.46,84.05,-199.92,32.49,-0.25,0.02,21.00,4514.09,-56.00,1.00,0.00
13527.00,1970-01-01 00:00:13.527,5.03,23.41,1762.43,0.80,0.00,1.00,1.00,161.75,0.17,13.04,67.53,84.02,-199.92,32.49,-0.26,0.01,21.00,4519.86,-56.00,1.00,0.00
13627.00,1970-01-01 00:00:13.627,5.19,23.52,1473.69,0.81,0.00,1.00,1.00,153.11,0.18,13.03,67.53,84.02,-199.92,32.49,-0.24,0.02,21.00,7000.00,-50.00,1.00,0.00
13727.00,1970-01-01 00:00:13.727,5.34,23.76,1422.10,0.80,0.00,1.00,1.00,149.50,0.19,13.04,67.57,84.02,-199.92,32.34,-0.26,0.02,21.00,7000.00,-48.00,1.00,0.00
13827.00,1970-01-01 00:00:13.827,5.46,23.88,1687.29,0.81,0.00,1.00,1.00,146.50,0.19,13.03,67.57,84.00,-199.92,32.34,-0.26,0.02,17.00,5131.06,-55.00,0.00,0.00
13927.00,1970-01-01 00:00:13.927,5.85,24.11,1841.71,0.81,0.00,1.00,1.00,141.36,0.20,12.94,67.57,84.00,-199.92,32.34,-0.25,0.01,21.00,4685.76,-61.00,1.00,0.00
14027.00,1970-01-01 00:00:14.027,5.95,24.23,1770.85,0.81,0.00,1.00,1.00,139.06,0.21,13.04,67.60,84.05,-199.92,32.34,-0.25,0.04,21.00,4546.32,-56.00,1.00,0.00
14127.00,1970-01-01 00:00:14.127,6.12,24.46,1771.09,0.81,0.00,1.00,1.00,134.76,0.22,13.02,67.60,84.05,-199.92,32.31,-0.26,0.03,21.00,4537.34,-56.00,1.00,0.00
14227.00,1970-01-01 00:00:14.227,6.25,24.58,1780.02,0.81,0.00,1.00,1.00,132.72,0.22,13.05,67.58,84.05,-199.92,32.31,-0.25,0.06,21.00,4555.37,-58.00,1.00,0.00
14327.00,1970-01-01 00:00:14.327,6.54,24.81,1786.72,0.81,0.00,1.00,1.00,128.88,0.23,13.02,67.58,84.04,-199.92,32.31,-0.23,0.04,21.00,4570.35,-58.00,1.00,0.00
14427.00,1970-01-01 00:00:14.427,6.67,24.93,1802.88,0.81,0.00,1.00,1.00,127.04,0.23,13.03,67.58,84.04,-199.92,32.31,-0.25,0.04,21.00,4602.83,-59.00,1.00,0.00
14527.00,1970-01-01 00:00:14.527,6.93,25.16,1795.63,0.81,0.00,1.00,1.00,123.59,0.24,13.03,67.55,84.05,-199.92,32.20,-0.26,0.04,21.00,4588.24,-58.00,1.00,0.00
14627.00,1970-01-01 00:00:14.627,7.19,25.40,1814.33,0.81,0.00,1.00,1.00,122.50,0.25,13.02,67.55,84.05,-199.92,32.20,-0.25,0.02,17.00,4624.63,-59.00,0.00,0.00
14727.00,1970-01-01 00:00:14.727,7.39,25.63,1856.92,0.81,0.00,1.00,1.00,119.31,0.26,13.04,67.55,84.05,-199.92,32.20,-0.25,0.04,21.00,4710.59,-62.00,1.00,0.00
14827.00,1970-01-01 00:00:14.827,7.68,25.86,1888.43,0.81,0.00,1.00,1.00,118.30,0.26,13.02,67.48,83.97,-199.92,32.20,-0.23,0.02,21.00,4780.07,-63.00,1.00,0.00
14927.00,1970-01-01 00:00:14.927,7.91,26.10,1902.47,0.80,0.00,1.00,1.00,115.33,0.27,13.04,67.48,83.97,-199.92,32.19,-0.27,0.04,21.00,4807.24,-65.00,1.00,0.00
15027.00,1970-01-01 00:00:15.027,8.09,26.33,1937.70,0.81,0.00,1.00,1.00,114.40,0.27,13.03,67.39,83.97,-199.92,32.19,-0.26,0.06,21.00,4875.40,-66.00,1.00,0.00
15127.00,1970-01-01 00:00:15.127,8.27,26.57,1965.89,0.80,0.00,1.00,1.00,111.62,0.28,13.03,67.39,83.97,-199.92,32.19,-0.25,0.06,21.00,4929.94,-68.00,1.00,0.00
15227.00,1970-01-01 00:00:15.227,8.46,26.80,1670.63,0.81,0.00,1.00,1.00,108.91,0.29,13.02,67.39,83.97,-199.92,32.19,-0.24,0.03,21.00,5302.03,-55.00,1.00,0.00
15327.00,1970-01-01 00:00:15.327,8.52,27.04,1391.11,0.81,0.00,1.00,1.00,107.55,0.30,13.00,67.43,84.02,-199.92,32.09,-0.26,0.02,21.00,7000.00,-47.00,1.00,0.00
15427.00,1970-01-01 00:00:15.427,8.62,27.27,1430.85,0.81,0.00,1.00,1.00,106.25,0.30,13.05,67.43,84.02,-199.92,32.09,-0.25,0.05,17.00,7000.00,-48.00,0.00,0.00
15527.00,1970-01-01 00:00:15.527,8.70,27.50,2321.44,0.81,0.00,1.00,1.00,104.00,0.31,13.03,67.48,83.97,-199.92,32.09,-0.24,0.03,21.00,5079.54,-76.00,1.00,0.00
15627.00,1970-01-01 00:00:15.627,9.36,27.74,2237.30,0.81,0.00,1.00,1.00,101.81,0.32,13.02,67.48,83.97,-199.92,32.09,-0.26,0.04,21.00,5156.17,-75.00,1.00,0.00
15727.00,1970-01-01 00:00:15.727,9.35,28.09,2025.45,0.81,0.00,1.00,1.00,101.62,0.33,13.04,67.48,83.97,-199.92,31.96,-0.24,0.05,21.00,5013.11,-71.00,1.00,0.00
15827.00,1970-01-01 00:00:15.827,9.18,28.32,1609.49,0.81,0.00,1.00,1.00,99.36,0.34,13.03,67.48,83.88,-199.92,31.96,-0.24,0.05,21.00,5918.95,-53.00,1.00,0.00
15927.00,1970-01-01 00:00:15.927,9.36,28.56,2449.48,0.81,0.00,1.00,1.00,97.48,0.35,13.03,67.48,83.88,-199.92,31.96,-0.26,0.03,21.00,4933.31,-79.00,1.00,0.00
16027.00,1970-01-01 00:00:16.027,10.05,28.91,2355.30,0.81,0.00,1.00,1.00,96.09,0.36,13.01,67.48,83.83,-199.92,31.96,-0.23,0.05,21.00,5044.17,-77.00,1.00,0.00
16127.00,1970-01-01 00:00:16.127,10.10,29.14,2198.97,0.80,0.00,1.00,1.00,95.58,0.36,13.04,67.38,83.83,-199.92,31.94,-0.26,0.05,21.00,5133.39,-74.00,1.00,0.00
16227.00,1970-01-01 00:00:16.227,10.16,29.38,2222.43,0.81,0.00,1.00,1.00,93.86,0.37,13.03,67.38,83.83,-199.92,31.94,-0.26,0.05,21.00,5150.32,-75.00,1.00,0.00
16327.00,1970-01-01 00:00:16.327,10.43,29.73,2323.47,0.80,0.00,1.00,1.00,92.60,0.38,13.03,67.46,83.93,-199.92,31.94,-0.25,0.04,21.00,5080.15,-76.00,1.00,0.00
16427.00,1970-01-01 00:00:16.427,10.60,30.08,2381.14,0.81,0.00,1.00,1.00,91.42,0.39,13.04,67.46,83.93,-199.92,31.94,-0.25,0.03,21.00,5012.54,-77.00,1.00,0.00
16527.00,1970-01-01 00:00:16.527,10.86,30.31,2443.89,0.81,0.00,1.00,1.00,89.98,0.40,13.03,67.46,83.86,-199.92,31.78,-0.24,0.04,21.00,4938.98,-78.00,1.00,0.00
16627.00,1970-01-01 00:00:16.627,11.12,30.66,2404.18,0.81,0.00,1.00,1.00,88.94,0.41,13.03,67.34,83.86,-199.92,31.78,-0.25,0.03,21.00,4987.17,-78.00,1.00,0.00
16727.00,1970-01-01 00:00:16.727,11.39,31.01,2488.65,0.81,0.00,1.00,1.00,87.96,0.42,13.03,67.34,83.86,-199.92,31.78,-0.23,0.03,21.00,4887.56,-79.00,1.00,0.00
16827.00,1970-01-01 00:00:16.827,11.74,31.37,2621.40,0.81,0.00,1.00,1.00,86.08,0.43,13.03,67.36,83.78,-199.92,31.78,-0.27,0.05,21.00,4948.57,-82.00,1.00,0.00
16927.00,1970-01-01 00:00:16.927,12.00,31.72,2590.73,0.81,0.00,1.00,1.00,85.21,0.44,13.03,67.36,83.78,-199.92,31.73,-0.24,0.05,21.00,4930.05,-81.00,1.00,0.00
17027.00,1970-01-01 00:00:17.027,12.28,32.07,2662.88,0.81,0.00,1.00,1.00,84.37,0.45,13.03,67.36,83.80,-199.92,31.73,-0.26,0.05,21.00,4973.62,-82.00,1.00,0.00
17127.00,1970-01-01 00:00:17.127,12.31,32.42,2133.79,0.81,0.00,2.00,1.00,83.58,0.46,13.00,67.25,83.80,-199.92,31.73,-0.24,0.01,21.00,4992.57,-73.00,1.00,0.00
17227.00,1970-01-01 00:00:17.227,12.51,32.77,2010.69,0.81,0.00,2.00,1.00,83.62,0.47,13.03,67.25,83.80,-199.92,31.73,-0.23,0.05,21.00,5056.99,-71.00,1.00,0.00
17327.00,1970-01-01 00:00:17.327,12.49,33.12,1793.27,0.81,0.00,2.00,1.00,83.44,0.47,13.03,67.25,83.78,-199.92,31.64,-0.25,0.04,21.00,6664.70,-58.00,1.00,0.00
17427.00,1970-01-01 00:00:17.427,12.54,33.47,2194.71,0.81,0.00,2.00,1.00,82.41,0.48,13.03,67.13,83.78,-199.92,31.64,-0.26,0.05,21.00,4961.65,-74.00,1.00,0.00
17527.00,1970-01-01 00:00:17.527,12.50,33.71,1323.01,0.80,0.00,2.00,1.00,81.92,0.49,13.03,67.13,83.78,-199.92,31.64,-0.25,0.05,21.00,7000.00,-44.00,1.00,0.00
17627.00,1970-01-01 00:00:17.627,12.59,34.06,991.93,0.80,1.00,2.00,1.00,81.73,0.50,9.18,67.22,83.78,-199.92,31.64,-0.15,0.09,23.00,7000.00,-37.00,1.00,0.00
17727.00,1970-01-01 00:00:17.727,12.57,34.41,966.88,0.81,1.00,2.00,1.00,81.54,0.50,11.59,67.22,83.78,-199.92,32.36,-0.29,0.00,23.00,7000.00,-37.00,1.00,0.00
17827.00,1970-01-01 00:00:17.827,12.58,34.76,966.88,0.80,0.00,2.00,1.00,82.37,0.50,12.25,67.22,83.78,-199.92,32.36,-0.27,0.05,21.00,7000.00,-37.00,1.00,0.00
17927.00,1970-01-01 00:00:17.927,12.55,35.11,846.22,0.80,1.00,2.00,1.00,82.17,0.51,12.13,67.90,83.78,-199.92,32.36,-0.21,0.01,23.00,7000.00,-35.00,1.00,0.00
18027.00,1970-01-01 00:00:18.027,12.53,35.46,1171.66,0.80,1.00,2.00,1.00,81.98,0.51,12.56,67.90,83.72,-199.92,32.36,-0.28,0.01,23.00,7000.00,-41.00,1.00,0.00
18127.00,1970-01-01 00:00:18.127,12.53,35.81,1359.65,0.80,0.00,2.00,1.00,81.79,0.52,13.02,68.23,83.72,-199.92,33.10,-0.23,0.05,21.00,7000.00,-46.00,1.00,0.00
18227.00,1970-01-01 00:00:18.227,12.63,36.16,1787.39,0.80,0.00,2.00,1.00,80.69,0.53,13.03,68.23,83.72,-199.92,33.10,-0.26,0.06,21.00,6711.62,-58.00,1.00,0.00
18327.00,1970-01-01 00:00:18.327,12.74,36.51,1900.09,0.80,0.00,2.00,1.00,79.85,0.54,13.03,68.23,83.67,-199.92,33.10,-0.23,0.05,21.00,5845.43,-65.00,1.00,0.00
18427.00,1970-01-01 00:00:18.427,12.69,36.87,1704.69,0.80,0.00,2.00,1.00,79.70,0.55,13.04,68.47,83.67,-199.92,33.10,-0.25,0.07,21.00,7000.00,-55.00,1.00,0.00
18527.00,1970-01-01 00:00:18.527,12.77,37.22,1743.45,0.80,0.00,2.00,1.00,79.55,0.56,13.04,68.47,83.77,-199.92,33.40,-0.24,0.08,21.00,7000.00,-56.00,1.00,0.00
18627.00,1970-01-01 00:00:18.627,12.92,37.69,1847.29,0.80,0.00,2.00,1.00,78.91,0.57,13.05,68.47,83.77,-199.92,33.40,-0.24,0.07,17.00,6247.66,-61.00,0.00,0.00
18727.00,1970-01-01 00:00:18.727,12.88,38.04,1551.69,0.80,0.00,2.00,1.00,78.78,0.57,13.05,68.69,83.77,-199.92,33.40,-0.24,0.06,21.00,7000.00,-52.00,1.00,0.00
18827.00,1970-01-01 00:00:18.827,13.03,38.39,1721.12,0.80,0.00,2.00,1.00,77.81,0.59,13.05,68.69,83.61,-199.92,33.40,-0.24,0.06,21.00,7000.00,-55.00,1.00,0.00
18927.00,1970-01-01 00:00:18.927,13.08,38.74,1839.17,0.80,0.00,2.00,1.00,77.76,0.59,13.05,68.71,83.61,-199.92,33.58,-0.25,0.05,17.00,6316.48,-61.00,0.00,0.00
19027.00,1970-01-01 00:00:19.027,13.03,39.09,1538.46,0.80,0.00,2.00,1.00,77.64,0.60,13.05,68.71,83.76,-199.92,33.58,-0.24,0.05,17.00,7000.00,-52.00,0.00,0.00
19127.00,1970-01-01 00:00:19.127,13.14,39.44,1239.87,0.80,0.00,2.00,1.00,77.52,0.60,13.06,68.71,83.76,-199.92,33.58,-0.25,0.04,17.00,7000.00,-42.00,0.00,0.00
19227.00,1970-01-01 00:00:19.227,13.09,39.79,917.91,0.80,0.00,2.00,1.00,77.41,0.61,13.05,68.71,83.76,-199.92,33.58,-0.25,0.06,17.00,7000.00,-36.00,0.00,0.00
19327.00,1970-01-01 00:00:19.327,13.17,40.14,1474.46,0.80,0.00,2.00,1.00,77.30,0.62,13.05,68.71,83.70,-199.92,33.71,-0.24,0.06,17.00,7000.00,-50.00,0.00,0.00
19427.00,1970-01-01 00:00:19.427,13.01,40.49,1474.46,0.80,0.00,2.00,1.00,77.98,0.62,13.06,68.69,83.70,-199.92,33.71,-0.26,0.05,17.00,7000.00,-50.00,0.00,0.00
19527.00,1970-01-01 00:00:19.527,13.10,40.85,1474.46,0.80,0.00,2.00,1.00,78.65,0.62,13.04,68.69,83.72,-199.92,33.71,-0.25,0.05,17.00,7000.00,-50.00,0.00,0.00
19627.00,1970-01-01 00:00:19.627,13.07,41.20,1474.46,0.80,0.00,2.00,1.00,79.33,0.62,13.05,68.69,83.72,-199.92,33.71,-0.25,0.04,17.00,7000.00,-50.00,0.00,0.00
19727.00,1970-01-01 00:00:19.727,13.12,41.66,327.04,0.80,0.00,2.00,1.00,79.42,0.62,13.06,68.55,83.72,-199.92,33.84,-0.25,0.04,17.00,7000.00,-25.00,0.00,0.00
19827.00,1970-01-01 00:00:19.827,13.03,42.02,740.59,0.81,0.00,2.00,1.00,79.29,0.63,13.04,68.55,83.77,-199.92,33.84,-0.24,0.04,17.00,7000.00,-33.00,0.00,0.00
19927.00,1970-01-01 00:00:19.927,13.01,42.37,3164.72,0.80,0.00,2.00,1.00,79.37,0.63,13.06,68.55,83.77,-199.92,33.84,-0.26,0.05,17.00,4921.23,-91.00,0.00,0.00
20037.00,1970-01-01 00:00:20.037,13.01,42.72,3164.72,0.80,0.00,2.00,1.00,80.03,0.63,13.06,68.44,83.69,-199.92,33.84,-0.24,0.05,17.00,4921.23,-91.00,0.00,0.00
20137.00,1970-01-01 00:00:20.137,13.01,43.07,3164.72,0.80,0.00,2.00,1.00,80.69,0.63,13.06,68.44,83.69,-199.92,33.88,-0.24,0.04,17.00,4921.23,-91.00,0.00,0.00
20237.00,1970-01-01 00:00:20.237,13.03,43.42,3164.72,0.80,0.00,2.00,1.00,81.34,0.63,13.06,68.46,83.69,-199.92,33.88,-0.24,0.04,17.00,4921.23,-91.00,0.00,0.00
20337.00,1970-01-01 00:00:20.337,13.02,43.77,3164.72,0.80,0.00,2.00,1.00,82.00,0.63,13.05,68.46,83.70,-199.92,33.88,-0.24,0.04,17.00,4921.23,-91.00,0.00,0.00
20437.00,1970-01-01 00:00:20.437,12.92,44.12,0.00,0.80,0.00,2.00,1.00,82.66,0.63,13.06,68.46,83.70,-199.92,33.88,-0.25,0.05,17.00,4921.23,-91.00,0.00,0.00
20537.00,1970-01-01 00:00:20.537,12.94,44.47,0.00,0.80,0.00,2.00,1.00,83.32,0.63,13.07,68.34,83.69,-199.92,33.93,-0.26,0.06,17.00,4921.23,-91.00,0.00,0.00
20637.00,1970-01-01 00:00:20.637,12.97,44.94,0.00,0.80,0.00,2.00,1.00,84.19,0.63,13.07,68.34,83.69,-199.92,33.93,-0.24,0.05,17.00,4921.23,-91.00,0.00,0.00
20737.00,1970-01-01 00:00:20.737,12.96,45.29,0.00,0.80,0.00,2.00,1.00,84.85,0.63,13.05,68.23,83.69,-199.92,33.93,-0.25,0.05,17.00,4921.23,-91.00,0.00,0.00
20837.00,1970-01-01 00:00:20.837,12.93,45.64,0.00,0.80,0.00,2.00,1.00,85.51,0.63,13.06,68.23,83.66,-199.92,33.93,-0.23,0.05,17.00,4921.23,-91.00,0.00,0.00
20937.00,1970-01-01 00:00:20.937,12.86,45.99,0.00,0.80,0.00,2.00,1.00,86.17,0.63,13.06,68.23,83.66,-199.92,33.98,-0.23,0.05,17.00,4921.23,-91.00,0.00,0.00
21037.00,1970-01-01 00:00:21.037,12.92,46.35,0.00,0.80,0.00,2.00,1.00,86.83,0.63,13.07,68.16,83.65,-199.92,33.98,-0.24,0.05,17.00,4921.23,-91.00,0.00,0.00
21137.00,1970-01-01 00:00:21.137,12.90,46.70,0.00,0.80,0.00,2.00,1.00,87.48,0.63,13.07,68.16,83.65,-199.92,33.98,-0.24,0.05,17.00,4921.23,-91.00,0.00,0.00
21237.00,1970-01-01 00:00:21.237,12.90,47.05,0.00,0.80,0.00,2.00,1.00,88.14,0.63,13.07,68.13,83.65,-199.92,33.98,-0.24,0.04,17.00,4921.23,-91.00,0.00,0.00
21337.00,1970-01-01 00:00:21.337,12.90,47.40,0.00,0.80,0.00,2.00,1.00,88.80,0.63,13.07,68.13,83.70,-199.92,34.06,-0.25,0.05,17.00,4921.23,-91.00,0.00,0.00
21437.00,1970-01-01 00:00:21.437,12.78,47.75,0.00,0.80,0.00,2.00,1.00,89.46,0.63,13.07,68.13,83.70,-199.92,34.06,-0.23,0.05,17.00,4921.23,-91.00,0.00,0.00
21537.00,1970-01-01 00:00:21.537,12.83,48.10,0.00,1.42,0.00,2.00,1.00,90.11,0.63,13.06,68.09,83.73,-199.92,34.06,-0.25,0.05,17.00,4921.23,-91.00,0.00,0.00
21637.00,1970-01-01 00:00:21.637,12.85,48.45,0.00,1.43,0.00,2.00,1.00,90.77,0.63,13.06,68.09,83.73,-199.92,34.06,-0.25,0.05,17.00,4921.23,-91.00,0.00,0.00
21737.00,1970-01-01 00:00:21.737,12.86,48.80,0.00,1.44,0.00,2.00,1.00,91.43,0.63,13.06,68.09,83.73,-199.92,33.93,-0.24,0.05,17.00,4921.23,-91.00,0.00,0.00
21837.00,1970-01-01 00:00:21.837,12.77,49.15,0.00,1.45,0.00,2.00,1.00,92.09,0.63,13.07,68.12,83.80,-199.92,33.93,-0.25,0.06,17.00,4921.23,-91.00,0.00,0.00
21937.00,1970-01-01 00:00:21.937,12.75,49.51,0.00,1.46,0.00,2.00,1.00,92.75,0.63,13.07,68.12,83.80,-199.92,33.93,-0.24,0.05,17.00,4921.23,-91.00,0.00,0.00
22037.00,1970-01-01 00:00:22.037,12.80,49.86,0.00,1.45,0.00,2.00,1.00,93.40,0.63,13.07,68.07,83.77,-199.92,33.93,-0.24,0.05,17.00,4921.23,-91.00,0.00,0.00
22137.00,1970-01-01 00:00:22.137,12.74,50.21,0.00,1.47,0.00,2.00,1.00,94.06,0.63,13.07,68.07,83.77,-199.92,34.02,-0.25,0.05,17.00,4921.23,-91.00,0.00,0.00
22237.00,1970-01-01 00:00:22.237,12.78,50.56,0.00,1.48,0.00,2.00,1.00,94.72,0.63,13.07,68.07,83.77,-199.92,34.02,-0.25,0.05,17.00,4921.23,-91.00,0.00,0.00
22337.00,1970-01-01 00:00:22.337,12.72,50.91,0.00,1.49,0.00,2.00,1.00,95.38,0.63,13.07,67.97,83.74,-199.92,34.02,-0.26,0.05,17.00,4921.23,-91.00,0.00,0.00
22437.00,1970-01-01 00:00:22.437,12.68,51.26,0.00,1.49,0.00,2.00,1.00,96.03,0.63,13.07,67.97,83.74,-199.92,34.02,-0.23,0.05,17.00,4921.23,-91.00,0.00,0.00
22537.00,1970-01-01 00:00:22.537,12.71,51.61,0.00,1.50,0.00,2.00,1.00,96.69,0.63,13.07,67.95,83.72,-199.92,33.98,-0.24,0.04,17.00,4921.23,-91.00,0.00,0.00
22637.00,1970-01-01 00:00:22.637,12.73,51.96,0.00,1.51,0.00,2.00,1.00,97.35,0.63,13.07,67.95,83.72,-199.92,33.98,-0.26,0.05,17.00,4921.23,-91.00,0.00,0.00
22737.00,1970-01-01 00:00:22.737,12.73,52.31,0.00,1.51,0.00,2.00,1.00,98.01,0.63,13.06,67.95,83.72,-199.92,33.98,-0.25,0.05,17.00,4921.23,-91.00,0.00,0.00
22837.00,1970-01-01 00:00:22.837,12.65,52.67,0.00,1.51,0.00,2.00,1.00,98.67,0.63,13.06,67.88,83.76,-199.92,33.98,-0.26,0.06,17.00,4921.23,-91.00,0.00,0.00
22937.00,1970-01-01 00:00:22.937,12.63,53.02,0.00,1.51,0.00,2.00,1.00,99.32,0.63,13.07,67.88,83.76,-199.92,34.09,-0.25,0.05,17.00,4921.23,-91.00,0.00,0.00
23037.00,1970-01-01 00:00:23.037,12.63,53.37,0.00,1.51,0.00,2.00,1.00,99.98,0.63,13.05,67.88,83.74,-199.92,34.09,-0.25,0.04,17.00,4921.23,-91.00,0.00,0.00
23137.00,1970-01-01 00:00:23.137,12.68,53.72,0.00,1.51,0.00,2.00,1.00,100.64,0.63,13.07,67.85,83.74,-199.92,34.09,-0.25,0.05,17.00,4921.23,-91.00,0.00,0.00
23237.00,1970-01-01 00:00:23.237,12.65,54.07,0.00,1.51,0.00,2.00,1.00,101.30,0.63,13.05,67.85,83.74,-199.92,34.09,-0.23,0.05,17.00,4921.23,-91.00,0.00,0.00
23337.00,1970-01-01 00:00:23.337,12.59,54.42,0.00,1.51,0.00,2.00,1.00,101.95,0.63,13.06,67.93,83.76,-199.92,34.05,-0.25,0.04,17.00,4921.23,-91.00,0.00,0.00
23437.00,1970-01-01 00:00:23.437,12.54,54.77,0.00,1.51,0.00,2.00,1.00,102.61,0.63,13.05,67.93,83.76,-199.92,34.05,-0.26,0.04,17.00,4921.23,-91.00,0.00,0.00
23537.00,1970-01-01 00:00:23.537,12.63,55.12,0.00,1.51,0.00,2.00,1.00,103.27,0.63,13.05,67.93,83.79,-199.92,34.05,-0.24,0.04,17.00,4921.23,-91.00,0.00,0.00
23637.00,1970-01-01 00:00:23.637,12.58,55.47,0.00,1.51,0.00,2.00,1.00,103.93,0.63,13.07,67.88,83.79,-199.05,34.05,-0.24,0.04,17.00,4921.23,-91.00,0.00,0.00
23750.00,1970-01-01 00:00:23.750,12.59,55.83,0.00,1.51,0.00,2.00,1.00,104.59,0.63,13.04,67.88,83.79,-199.05,34.12,-0.23,0.05,17.00,4921.23,-91.00,0.00,0.00
23850.00,1970-01-01 00:00:23.850,12.56,56.18,0.00,1.51,0.00,2.00,1.00,105.24,0.63,13.06,67.88,83.74,-196.12,34.12,-0.26,0.05,17.00,4921.23,-91.00,0.00,0.00
23950.00,1970-01-01 00:00:23.950,12.54,56.53,0.00,1.51,0.00,2.00,1.00,105.90,0.63,13.07,67.88,83.74,-196.12,34.12,-0.25,0.06,17.00,4921.23,-91.00,0.00,0.00
24050.00,1970-01-01 00:00:24.050,12.54,56.88,0.00,1.51,0.00,2.00,1.00,106.56,0.63,13.06,67.88,83.83,-196.12,34.12,-0.27,0.05,17.00,4921.23,-91.00,0.00,0.00
24150.00,1970-01-01 00:00:24.150,12.52,57.23,0.00,1.51,0.00,2.00,1.00,107.22,0.63,13.02,67.84,83.83,-193.37,34.11,-0.25,0.06,17.00,4921.23,-91.00,0.00,0.00
24250.00,1970-01-01 00:00:24.250,12.57,57.58,0.00,1.51,0.00,2.00,1.00,107.87,0.63,13.05,67.84,83.83,-193.37,34.11,-0.23,0.05,17.00,4921.23,-91.00,0.00,0.00
24350.00,1970-01-01 00:00:24.350,12.44,57.93,0.00,1.51,0.00,2.00,1.00,108.53,0.63,13.07,67.73,83.76,-190.77,34.11,-0.24,0.06,17.00,4921.23,-91.00,0.00,0.00
24450.00,1970-01-01 00:00:24.450,12.46,58.28,0.00,1.51,0.00,2.00,1.00,109.19,0.63,12.99,67.73,83.76,-190.77,34.11,0.34,0.67,17.00,4921.23,-91.00,0.00,0.00
24550.00,1970-01-01 00:00:24.550,12.49,58.63,0.00,1.51,0.00,2.00,1.00,109.85,0.63,13.07,67.73,83.79,-190.77,34.11,0.25,0.25,17.00,4921.23,-91.00,0.00,0.00
24650.00,1970-01-01 00:00:24.650,12.45,58.99,0.00,1.51,0.00,2.00,1.00,110.51,0.63,13.05,67.66,83.79,-188.49,34.11,-0.02,0.08,17.00,4921.23,-91.00,0.00,0.00
24750.00,1970-01-01 00:00:24.750,12.47,59.34,0.00,1.51,0.00,2.00,1.00,111.16,0.63,13.01,67.66,83.79,-188.49,34.11,-0.18,-0.08,17.00,4921.23,-91.00,0.00,0.00
24850.00,1970-01-01 00:00:24.850,12.44,59.69,0.00,1.51,0.00,2.00,1.00,111.82,0.63,13.07,67.66,83.85,-188.49,34.11,-0.23,0.08,17.00,4921.23,-91.00,0.00,0.00
24950.00,1970-01-01 00:00:24.950,12.36,60.04,0.00,1.51,0.00,2.00,1.00,112.48,0.63,13.03,67.73,83.85,-186.25,34.12,-0.20,0.03,17.00,4921.23,-91.00,0.00,0.00
25050.00,1970-01-01 00:00:25.050,12.37,60.39,0.00,1.51,0.00,2.00,1.00,113.14,0.63,13.03,67.73,83.90,-186.25,34.12,-0.23,0.04,17.00,4921.23,-91.00,0.00,0.00
25150.00,1970-01-01 00:00:25.150,12.38,60.74,0.00,1.51,0.00,2.00,1.00,113.79,0.63,13.04,67.71,83.90,-184.22,34.12,-0.21,0.04,17.00,4921.23,-91.00,0.00,0.00
25250.00,1970-01-01 00:00:25.250,12.42,61.09,0.00,1.51,0.00,2.00,1.00,114.45,0.63,12.97,67.71,83.90,-184.22,34.12,-0.21,0.05,17.00,4921.23,-91.00,0.00,0.00
25350.00,1970-01-01 00:00:25.350,12.35,61.33,0.00,1.51,0.00,2.00,1.00,114.89,0.63,12.98,67.71,83.85,-184.22,34.12,-0.21,0.05,17.00,4921.23,-91.00,0.00,0.00
25450.00,1970-01-01 00:00:25.450,12.26,61.68,0.00,1.51,0.00,2.00,1.00,115.55,0.63,13.07,67.69,83.85,-182.05,34.12,-0.20,0.05,17.00,4921.23,-91.00,0.00,0.00
25550.00,1970-01-01 00:00:25.550,12.35,62.03,0.00,1.51,0.00,2.00,1.00,116.21,0.63,13.07,67.69,83.92,-182.05,34.12,-0.24,0.05,17.00,4921.23,-91.00,0.00,0.00
25650.00,1970-01-01 00:00:25.650,12.32,62.38,0.00,1.51,0.00,2.00,1.00,116.86,0.63,12.95,67.70,83.92,-179.89,34.12,-0.25,0.04,17.00,4921.23,-91.00,0.00,0.00
25750.00,1970-01-01 00:00:25.750,12.33,62.73,0.00,1.51,0.00,2.00,1.00,117.52,0.63,13.04,67.70,83.92,-179.89,34.18,-0.27,0.04,17.00,4921.23,-91.00,0.00,0.00
25850.00,1970-01-01 00:00:25.850,12.30,63.08,0.00,1.51,0.00,2.00,1.00,118.18,0.63,12.98,67.70,83.95,-179.89,34.18,-0.25,0.05,17.00,4921.23,-91.00,0.00,0.00
25950.00,1970-01-01 00:00:25.950,12.24,63.43,0.00,1.51,0.00,2.00,1.00,118.84,0.63,13.06,67.68,83.95,-178.09,34.18,-0.24,0.05,17.00,4921.23,-91.00,0.00,0.00
26050.00,1970-01-01 00:00:26.050,12.26,63.78,0.00,1.51,0.00,2.00,1.00,119.50,0.63,13.05,67.68,83.90,-178.09,34.18,-0.25,0.05,17.00,4921.23,-91.00,0.00,0.00
26150.00,1970-01-01 00:00:26.150,12.26,64.14,0.00,1.51,0.00,2.00,1.00,120.15,0.63,12.98,67.68,83.90,-178.09,34.16,-0.24,0.05,17.00,4921.23,-91.00,0.00,0.00
26250.00,1970-01-01 00:00:26.250,12.24,64.49,0.00,1.51,0.00,2.00,1.00,120.81,0.63,12.98,67.64,83.90,-176.41,34.16,-0.26,0.04,17.00,4921.23,-91.00,0.00,0.00
26350.00,1970-01-01 00:00:26.350,12.23,64.72,0.00,1.51,0.00,2.00,1.00,121.25,0.63,13.07,67.64,83.92,-176.41,34.16,-0.26,0.04,17.00,4921.23,-91.00,0.00,0.00
26450.00,1970-01-01 00:00:26.450,12.19,65.07,0.00,1.51,0.00,2.00,1.00,121.91,0.63,13.07,67.55,83.92,-174.73,34.16,-0.26,0.04,17.00,4921.23,-91.00,0.00,0.00
26550.00,1970-01-01 00:00:26.550,12.17,65.42,0.00,1.51,0.00,2.00,1.00,122.56,0.63,13.06,67.55,83.88,-174.73,34.14,-0.25,0.05,17.00,4921.23,-91.00,0.00,0.00
26650.00,1970-01-01 00:00:26.650,12.21,65.77,0.00,1.51,0.00,2.00,1.00,123.22,0.63,13.04,67.55,83.88,-174.73,34.14,-0.25,0.04,17.00,4921.23,-91.00,0.00,0.00
26750.00,1970-01-01 00:00:26.750,12.23,66.12,0.00,1.51,0.00,2.00,1.00,123.88,0.63,13.07,67.62,83.88,-172.81,34.14,-0.26,0.05,17.00,4921.23,-91.00,0.00,0.00
26850.00,1970-01-01 00:00:26.850,12.20,66.48,0.00,1.51,0.00,2.00,1.00,124.54,0.63,13.07,67.62,83.88,-172.81,34.14,-0.25,0.05,17.00,4921.23,-91.00,0.00,0.00
26950.00,1970-01-01 00:00:26.950,12.13,66.83,0.00,1.51,0.00,2.00,1.00,125.20,0.63,13.07,67.52,83.88,-171.11,34.20,-0.27,0.04,17.00,4921.23,-91.00,0.00,0.00
27050.00,1970-01-01 00:00:27.050,12.11,67.18,0.00,1.51,0.00,2.00,1.00,125.85,0.63,13.05,67.52,83.88,-171.11,34.20,-0.26,0.05,17.00,4921.23,-91.00,0.00,0.00
27150.00,1970-01-01 00:00:27.150,12.13,67.41,0.00,1.51,0.00,2.00,1.00,126.29,0.63,13.06,67.52,83.88,-171.11,34.20,-0.25,0.04,17.00,4921.23,-91.00,0.00,0.00
27250.00,1970-01-01 00:00:27.250,12.13,67.76,0.00,1.51,0.00,2.00,1.00,126.95,0.63,13.06,67.51,83.88,-169.50,34.20,-0.26,0.05,17.00,4921.23,-91.00,0.00,0.00
27350.00,1970-01-01 00:00:27.350,12.12,68.11,0.00,1.51,0.00,2.00,1.00,127.61,0.63,13.04,67.51,83.98,-169.50,34.20,-0.21,0.04,17.00,4921.23,-91.00,0.00,0.00
27450.00,1970-01-01 00:00:27.450,12.09,68.47,0.00,1.51,0.00,2.00,1.00,128.27,0.63,12.96,67.51,83.98,-169.50,34.20,-0.27,0.06,17.00,4921.23,-91.00,0.00,0.00
27550.00,1970-01-01 00:00:27.550,3.57,0.23,0.00,1.51,0.00,1.00,1.00,999.00,0.00,12.97,67.53,83.98,-168.13,34.20,-0.25,0.01,21.00,4921.23,-91.00,1.00,0.00
27650.00,1970-01-01 00:00:27.650,7.03,0.59,0.00,1.51,0.00,1.00,1.00,999.00,0.00,13.02,67.53,83.98,-168.13,34.20,-0.25,0.04,21.00,4921.23,-91.00,1.00,0.00
27750.00,1970-01-01 00:00:27.750,9.13,0.94,0.00,1.51,1.00,1.00,1.00,999.00,0.00,10.56,67.46,83.98,-166.75,34.18,-0.32,0.02,23.00,4921.23,-91.00,1.00,0.00
27850.00,1970-01-01 00:00:27.850,9.99,1.17,0.00,1.51,1.00,1.00,1.00,999.00,0.00,11.92,67.46,83.99,-166.75,34.18,-0.21,0.01,23.00,4921.23,-91.00,1.00,0.00
27950.00,1970-01-01 00:00:27.950,10.83,1.52,14.90,1.51,1.00,1.00,1.00,288.30,0.01,11.76,67.46,83.99,-166.75,34.18,-0.30,0.00,23.00,7000.00,-20.00,1.00,0.00
28050.00,1970-01-01 00:00:28.050,11.24,1.87,955.71,1.51,1.00,1.00,1.00,177.42,0.01,12.29,67.45,83.95,-165.20,34.18,-0.26,-0.01,23.00,7000.00,-37.00,1.00,0.00
28150.00,1970-01-01 00:00:28.150,11.61,2.22,1422.88,1.51,0.00,1.00,1.00,140.46,0.02,12.99,67.45,83.95,-165.20,34.20,-0.25,0.05,21.00,7000.00,-48.00,1.00,0.00
28250.00,1970-01-01 00:00:28.250,11.75,2.57,2313.25,1.51,0.00,1.00,1.00,108.64,0.03,12.87,67.48,83.95,-162.23,34.20,-0.25,0.04,21.00,5091.61,-76.00,1.00,0.00
28350.00,1970-01-01 00:00:28.350,12.17,2.93,2997.23,1.07,0.00,1.00,1.00,81.61,0.04,12.98,67.48,84.09,-162.23,34.20,-0.25,0.06,21.00,5222.08,-88.00,1.00,0.00
28450.00,1970-01-01 00:00:28.450,12.62,3.28,2739.66,1.23,0.00,1.00,1.00,74.70,0.05,13.00,67.48,84.09,-162.23,34.20,-0.27,0.03,21.00,5014.57,-84.00,1.00,0.00
28550.00,1970-01-01 00:00:28.550,12.73,3.63,2665.60,1.38,0.00,1.00,1.00,70.10,0.06,13.01,67.46,84.00,-174.41,34.09,-0.24,0.07,21.00,4970.22,-82.00,1.00,0.00
28650.00,1970-01-01 00:00:28.650,12.94,3.98,2752.55,1.28,0.00,1.00,1.00,66.65,0.07,13.01,67.46,84.00,-174.41,34.09,-0.25,0.06,21.00,5024.38,-84.00,1.00,0.00
28750.00,1970-01-01 00:00:28.750,13.18,4.33,2876.46,1.29,0.00,1.00,1.00,60.35,0.09,13.03,67.46,84.00,-174.41,34.09,-0.23,0.01,21.00,5124.93,-86.00,1.00,0.00
28850.00,1970-01-01 00:00:28.850,13.61,4.80,2978.70,1.32,0.00,1.00,1.00,60.03,0.09,13.00,67.45,84.02,-199.92,34.09,-0.25,0.08,21.00,5207.75,-88.00,1.00,0.00
28950.00,1970-01-01 00:00:28.950,13.87,5.15,2978.18,1.31,0.00,1.00,1.00,55.83,0.11,13.02,67.45,84.02,-199.92,33.86,-0.25,0.08,21.00,5207.33,-88.00,1.00,0.00
29050.00,1970-01-01 00:00:29.050,14.19,5.62,3028.31,1.28,0.00,1.00,1.00,55.92,0.12,12.99,67.41,84.02,-199.92,33.86,-0.23,0.04,21.00,5224.62,-89.00,1.00,0.00
29150.00,1970-01-01 00:00:29.150,14.49,5.97,3095.50,1.28,0.00,1.00,1.00,52.92,0.13,13.02,67.41,84.02,-199.92,33.86,-0.27,0.05,21.00,5223.62,-90.00,1.00,0.00
29250.00,1970-01-01 00:00:29.250,14.86,6.44,3222.51,1.28,0.00,1.00,1.00,51.44,0.15,13.02,67.41,84.02,-199.92,33.86,-0.25,0.03,21.00,5221.74,-93.00,1.00,0.00
29350.00,1970-01-01 00:00:29.350,15.17,6.91,3253.09,1.30,0.00,1.00,1.00,51.78,0.16,13.00,67.32,84.09,-199.92,33.84,-0.25,0.05,21.00,5219.57,-93.00,1.00,0.00
29450.00,1970-01-01 00:00:29.450,15.39,7.26,3306.60,1.31,0.00,1.00,1.00,49.82,0.17,13.02,67.32,84.09,-199.92,33.84,-0.25,0.10,21.00,5209.35,-94.00,1.00,0.00
29550.00,1970-01-01 00:00:29.550,15.79,7.72,3353.55,1.29,0.00,1.00,1.00,48.90,0.19,12.99,67.23,84.09,-199.92,33.84,-0.24,0.04,21.00,5200.48,-95.00,1.00,0.00
29650.00,1970-01-01 00:00:29.650,16.10,8.19,3476.85,1.28,0.00,1.00,1.00,48.13,0.20,13.00,67.23,84.09,-199.92,33.84,-0.26,0.05,21.00,5176.90,-97.00,1.00,0.00
29750.00,1970-01-01 00:00:29.750,16.46,8.66,3531.28,1.28,0.00,1.00,1.00,47.47,0.22,13.00,67.23,84.09,-199.92,33.64,-0.23,0.04,21.00,5167.53,-98.00,1.00,0.00
29850.00,1970-01-01 00:00:29.850,16.74,9.13,3577.39,1.30,0.00,1.00,1.00,46.90,0.23,13.01,67.27,84.09,-199.92,33.64,-0.25,0.04,21.00,5160.14,-99.00,1.00,0.00
29950.00,1970-01-01 00:00:29.950,17.13,9.60,3650.86,1.30,0.00,1.00,1.00,46.40,0.25,13.03,67.27,84.09,-199.92,33.64,-0.25,0.04,21.00,5148.51,-100.00,1.00,0.00
30050.00,1970-01-01 00:00:30.050,17.55,10.18,3739.83,1.29,0.00,1.00,1.00,46.49,0.26,12.94,67.27,84.07,-199.92,33.64,-0.25,0.08,21.00,5134.97,-102.00,1.00,0.00
30150.00,1970-01-01 00:00:30.150,17.78,10.65,3816.55,1.30,0.00,1.00,1.00,46.06,0.27,13.03,67.17,84.07,-199.92,33.40,-0.26,0.07,21.00,5177.73,-103.00,1.00,0.00
30250.00,1970-01-01 00:00:30.250,18.11,11.24,3825.68,1.32,0.00,1.00,1.00,46.15,0.29,13.01,67.17,84.07,-199.92,33.40,-0.23,0.04,21.00,5183.81,-103.00,1.00,0.00
30350.00,1970-01-01 00:00:30.350,18.19,11.70,3226.50,1.31,0.00,1.00,1.00,45.76,0.30,13.04,67.13,84.06,-199.92,33.40,-0.26,0.05,21.00,5221.00,-93.00,1.00,0.00
30450.00,1970-01-01 00:00:30.450,18.18,12.17,3058.03,1.51,0.00,1.00,1.00,46.11,0.31,13.02,67.13,84.06,-199.92,33.40,-0.25,0.05,21.00,5223.66,-90.00,1.00,0.00
30550.00,1970-01-01 00:00:30.550,18.22,12.64,2786.16,1.51,0.00,2.00,1.00,45.78,0.33,13.04,67.13,84.04,-199.92,33.23,-0.25,0.05,21.00,5051.00,-85.00,1.00,0.00
30650.00,1970-01-01 00:00:30.650,18.19,13.22,2597.29,1.51,0.00,2.00,1.00,46.61,0.34,12.89,67.02,84.04,-199.92,33.23,-0.25,0.03,21.00,4786.36,-81.00,1.00,0.00
30750.00,1970-01-01 00:00:30.750,18.24,13.69,2346.50,1.51,0.00,2.00,1.00,46.98,0.35,12.89,67.02,84.04,-199.92,33.23,-0.25,0.03,21.00,4870.35,-77.00,1.00,0.00
30850.00,1970-01-01 00:00:30.850,18.20,14.16,1906.64,1.51,0.00,2.00,1.00,47.85,0.35,13.01,67.05,84.06,-199.92,33.23,-0.25,0.04,21.00,5768.77,-65.00,1.00,0.00
30950.00,1970-01-01 00:00:30.950,18.49,14.75,2199.94,1.51,0.00,2.00,1.00,48.47,0.36,13.01,67.05,84.06,-199.92,33.15,-0.24,0.05,21.00,4947.81,-74.00,1.00,0.00
31050.00,1970-01-01 00:00:31.050,18.52,15.21,2010.32,1.51,0.00,2.00,1.00,48.74,0.37,13.01,67.05,84.12,-199.92,33.15,-0.25,0.04,21.00,5030.43,-71.00,1.00,0.00
31150.00,1970-01-01 00:00:31.150,18.65,15.80,2150.19,1.46,0.00,2.00,1.00,49.37,0.38,12.94,67.06,84.12,-199.92,33.15,-0.25,0.04,21.00,4966.41,-73.00,1.00,0.00
31250.00,1970-01-01 00:00:31.250,18.73,16.27,2138.54,1.43,0.00,2.00,1.00,49.60,0.39,13.04,67.06,84.12,-199.92,33.15,-0.26,0.06,21.00,4971.27,-73.00,1.00,0.00
31350.00,1970-01-01 00:00:31.350,18.88,16.85,2174.31,1.39,0.00,2.00,1.00,50.78,0.39,13.04,67.06,84.02,-199.92,32.90,-0.26,0.03,21.00,4960.85,-74.00,1.00,0.00
31450.00,1970-01-01 00:00:31.450,18.99,17.32,2165.28,1.38,0.00,2.00,1.00,50.97,0.40,13.01,67.25,84.02,-199.92,32.90,-0.23,0.04,21.00,4964.90,-73.00,1.00,0.00
31550.00,1970-01-01 00:00:31.550,19.03,17.91,2136.79,1.37,0.00,2.00,1.00,51.50,0.41,13.01,67.25,84.11,-199.92,32.90,-0.27,0.04,21.00,4977.70,-73.00,1.00,0.00
31650.00,1970-01-01 00:00:31.650,19.14,18.37,2173.28,1.36,0.00,2.00,1.00,51.68,0.42,13.02,67.25,84.11,-199.92,32.90,-0.25,0.05,21.00,4957.16,-74.00,1.00,0.00
31750.00,1970-01-01 00:00:31.750,19.32,18.96,2173.28,1.34,0.00,2.00,1.00,52.17,0.43,13.04,67.25,84.11,-199.92,32.81,-0.24,0.06,21.00,4957.16,-74.00,1.00,0.00
31850.00,1970-01-01 00:00:31.850,19.35,19.54,2204.95,1.33,0.00,2.00,1.00,53.20,0.44,13.03,67.25,84.09,-199.92,32.81,-0.26,0.04,21.00,4944.74,-74.00,1.00,0.00
31950.00,1970-01-01 00:00:31.950,19.51,20.01,2176.08,1.33,0.00,2.00,1.00,53.34,0.45,13.03,67.32,84.09,-199.92,32.81,-0.24,0.03,21.00,4957.09,-74.00,1.00,0.00
32050.00,1970-01-01 00:00:32.050,19.69,20.60,2222.84,1.31,0.00,2.00,1.00,53.77,0.46,13.05,67.32,84.07,-199.92,32.81,-0.25,0.04,21.00,4937.09,-75.00,1.00,0.00
32150.00,1970-01-01 00:00:32.150,19.73,21.18,2217.50,1.31,0.00,2.00,1.00,54.19,0.46,13.01,67.34,84.07,-199.92,32.67,-0.24,0.02,21.00,4939.90,-74.00,1.00,0.00
32250.00,1970-01-01 00:00:32.250,19.84,21.65,2230.86,1.31,0.00,2.00,1.00,54.30,0.47,13.01,67.34,84.07,-199.92,32.67,-0.23,0.04,21.00,4934.11,-75.00,1.00,0.00
32350.00,1970-01-01 00:00:32.350,19.96,22.24,2238.47,1.31,0.00,2.00,1.00,54.69,0.48,13.04,67.34,84.16,-199.92,32.67,-0.26,0.07,21.00,4928.36,-75.00,1.00,0.00
32450.00,1970-01-01 00:00:32.450,20.06,22.82,2273.98,1.31,0.00,2.00,1.00,55.59,0.49,13.01,67.52,84.16,-199.92,32.67,-0.24,0.05,21.00,4909.81,-75.00,1.00,0.00
32550.00,1970-01-01 00:00:32.550,20.25,23.41,2242.15,1.30,0.00,2.00,1.00,55.95,0.50,13.05,67.52,84.14,-199.92,32.53,-0.25,0.04,21.00,4926.88,-75.00,1.00,0.00
32650.00,1970-01-01 00:00:32.650,20.38,23.99,2281.02,1.30,0.00,2.00,1.00,56.30,0.51,13.02,67.52,84.14,-199.92,32.53,-0.23,0.05,21.00,4906.23,-76.00,1.00,0.00
32750.00,1970-01-01 00:00:32.750,20.49,24.58,2281.41,1.30,0.00,2.00,1.00,56.63,0.52,13.04,67.66,84.14,-199.92,32.53,-0.27,0.05,21.00,4906.01,-76.00,1.00,0.00
32850.00,1970-01-01 00:00:32.850,20.53,25.16,2274.19,1.32,0.00,2.00,1.00,56.96,0.52,13.02,67.66,84.16,-199.92,32.53,-0.25,0.05,21.00,4909.86,-75.00,1.00,0.00
32950.00,1970-01-01 00:00:32.950,20.82,25.75,2301.10,1.31,0.00,2.00,1.00,57.27,0.53,13.02,67.80,84.16,-199.92,32.45,-0.24,0.05,21.00,4894.23,-76.00,1.00,0.00
33050.00,1970-01-01 00:00:33.050,20.83,26.22,2336.45,1.30,0.00,2.00,1.00,57.32,0.54,13.03,67.80,84.13,-199.92,32.45,-0.25,0.05,21.00,4873.69,-77.00,1.00,0.00
33150.00,1970-01-01 00:00:33.150,20.93,26.80,2304.68,1.31,0.00,2.00,1.00,57.62,0.55,13.02,67.80,84.13,-199.92,32.45,-0.25,0.05,21.00,4892.66,-76.00,1.00,0.00
33250.00,1970-01-01 00:00:33.250,21.10,27.50,2360.72,1.30,0.00,2.00,1.00,58.16,0.56,13.05,68.02,84.13,-199.92,32.45,-0.25,0.06,21.00,4860.09,-77.00,1.00,0.00
33350.00,1970-01-01 00:00:33.350,21.24,28.09,2333.18,1.31,0.00,2.00,1.00,58.44,0.57,12.94,68.02,84.21,-199.92,32.25,-0.24,0.04,21.00,4874.42,-76.00,1.00,0.00
33450.00,1970-01-01 00:00:33.450,21.37,28.67,2374.83,1.32,0.00,2.00,1.00,58.71,0.58,13.00,68.21,84.21,-199.92,32.25,-0.23,0.05,21.00,4850.25,-77.00,1.00,0.00
33550.00,1970-01-01 00:00:33.550,21.44,29.26,2357.93,1.31,0.00,2.00,1.00,58.98,0.59,13.02,68.21,84.12,-199.92,32.25,-0.25,0.06,21.00,4862.04,-77.00,1.00,0.00
33650.00,1970-01-01 00:00:33.650,21.63,29.84,2409.93,1.31,0.00,2.00,1.00,59.24,0.60,13.02,68.21,84.12,-199.92,32.25,-0.24,0.05,21.00,4831.82,-78.00,1.00,0.00
33750.00,1970-01-01 00:00:33.750,21.77,30.43,2381.99,1.29,0.00,2.00,1.00,59.48,0.61,13.01,68.41,84.12,-199.92,32.23,-0.25,0.05,21.00,4848.06,-77.00,1.00,0.00
33850.00,1970-01-01 00:00:33.850,21.92,31.13,2422.43,1.32,0.00,2.00,1.00,59.95,0.62,13.02,68.41,84.18,-199.92,32.23,-0.24,0.04,21.00,4823.27,-78.00,1.00,0.00
33950.00,1970-01-01 00:00:33.950,21.92,31.72,2416.77,1.33,0.00,2.00,1.00,60.19,0.63,13.01,68.41,84.18,-199.92,32.23,-0.26,0.04,21.00,4826.55,-78.00,1.00,0.00
34050.00,1970-01-01 00:00:34.050,22.19,32.30,2428.90,1.34,0.00,2.00,1.00,60.42,0.64,12.95,68.53,84.16,-199.92,32.23,-0.25,0.04,21.00,4819.83,-78.00,1.00,0.00
34150.00,1970-01-01 00:00:34.150,22.24,32.89,2452.78,1.34,0.00,2.00,1.00,60.64,0.64,12.99,68.53,84.16,-199.92,32.03,-0.26,0.05,21.00,4805.96,-79.00,1.00,0.00
34250.00,1970-01-01 00:00:34.250,22.38,33.59,2449.68,1.34,0.00,2.00,1.00,61.07,0.65,13.02,68.70,84.16,-199.92,32.03,-0.25,0.06,21.00,4807.76,-79.00,1.00,0.00
34350.00,1970-01-01 00:00:34.350,22.57,34.17,2476.27,1.31,0.00,2.00,1.00,61.28,0.66,13.03,68.70,84.18,-199.92,32.03,-0.29,0.05,21.00,4792.01,-79.00,1.00,0.00
34450.00,1970-01-01 00:00:34.450,22.71,34.88,2479.44,1.30,0.00,2.00,1.00,61.69,0.67,13.02,68.70,84.18,-199.92,32.03,-0.25,0.03,21.00,4790.17,-79.00,1.00,0.00
34550.00,1970-01-01 00:00:34.550,22.68,35.46,2213.29,1.34,0.00,2.00,1.00,61.88,0.68,13.03,68.86,84.18,-199.92,31.93,-0.23,0.03,17.00,4937.92,-74.00,0.00,0.00
34650.00,1970-01-01 00:00:34.650,22.66,36.05,2048.55,1.32,0.00,2.00,1.00,62.47,0.69,13.03,68.86,84.18,-199.92,31.93,-0.24,0.05,17.00,5003.13,-71.00,0.00,0.00
34750.00,1970-01-01 00:00:34.750,22.75,36.75,1809.08,1.35,0.00,2.00,1.00,62.68,0.70,13.06,68.86,84.18,-199.92,31.93,-0.24,0.05,17.00,6532.63,-59.00,0.00,0.00
34850.00,1970-01-01 00:00:34.850,22.63,37.33,1673.87,1.49,0.00,2.00,1.00,63.11,0.70,13.02,69.14,84.19,-199.92,31.93,-0.25,0.07,17.00,7000.00,-55.00,0.00,0.00
34950.00,1970-01-01 00:00:34.950,22.73,37.92,1521.47,1.51,0.00,2.00,1.00,63.53,0.71,12.92,69.14,84.19,-199.92,31.87,-0.24,0.07,17.00,7000.00,-52.00,0.00,0.00
35050.00,1970-01-01 00:00:35.050,22.60,38.62,1348.97,1.51,0.00,2.00,1.00,64.14,0.72,13.03,69.59,84.18,-199.92,31.87,-0.24,0.07,17.00,7000.00,-45.00,0.00,0.00
35150.00,1970-01-01 00:00:35.150,22.62,39.21,1498.84,1.51,0.00,2.00,1.00,63.99,0.73,13.05,69.59,84.18,-199.92,31.87,-0.25,0.05,17.00,7000.00,-50.00,0.00,0.00
35250.00,1970-01-01 00:00:35.250,22.58,39.79,1498.84,1.51,0.00,2.00,1.00,64.94,0.73,12.91,69.59,84.18,-199.92,31.87,-0.25,0.04,17.00,7000.00,-50.00,0.00,0.00
35350.00,1970-01-01 00:00:35.350,22.55,40.49,1498.84,1.51,0.00,2.00,1.00,66.09,0.73,13.03,70.65,84.19,-199.92,31.83,-0.24,0.05,17.00,7000.00,-50.00,0.00,0.00
35450.00,1970-01-01 00:00:35.450,22.58,41.08,414.43,1.51,0.00,2.00,1.00,66.47,0.73,13.06,70.65,84.19,-199.92,31.83,-0.25,0.04,17.00,7000.00,-27.00,0.00,0.00
35550.00,1970-01-01 00:00:35.550,22.61,41.78,414.43,1.51,0.00,2.00,1.00,67.61,0.73,12.88,71.21,84.20,-199.92,31.83,-0.23,0.05,17.00,7000.00,-27.00,0.00,0.00
35650.00,1970-01-01 00:00:35.650,22.56,42.37,990.57,1.51,0.00,2.00,1.00,67.98,0.74,13.05,71.21,84.20,-199.92,31.83,-0.25,0.06,17.00,7000.00,-37.00,0.00,0.00
35750.00,1970-01-01 00:00:35.750,22.60,42.95,949.89,1.51,0.00,2.00,1.00,68.34,0.75,13.04,71.21,84.20,-199.92,32.06,-0.23,0.05,17.00,7000.00,-37.00,0.00,0.00
35850.00,1970-01-01 00:00:35.850,22.57,43.65,949.89,1.51,0.00,2.00,1.00,69.45,0.75,12.91,71.55,84.20,-199.92,32.06,-0.26,0.04,17.00,7000.00,-37.00,0.00,0.00
35950.00,1970-01-01 00:00:35.950,22.51,44.24,949.89,1.51,0.00,2.00,1.00,70.38,0.75,13.06,71.55,84.20,-199.92,32.06,-0.25,0.03,17.00,7000.00,-37.00,0.00,0.00
36050.00,1970-01-01 00:00:36.050,22.47,44.82,949.89,1.51,0.00,2.00,1.00,71.32,0.75,13.02,71.55,84.18,-199.92,32.06,-0.25,0.05,17.00,7000.00,-37.00,0.00,0.00
36150.00,1970-01-01 00:00:36.150,22.49,45.41,949.89,1.51,0.00,2.00,1.00,72.25,0.75,12.92,71.77,84.18,-199.92,32.09,-0.25,0.05,17.00,7000.00,-37.00,0.00,0.00
36250.00,1970-01-01 00:00:36.250,22.45,46.11,0.00,1.51,0.00,2.00,1.00,73.36,0.75,13.03,71.77,84.18,-199.92,32.09,-0.21,0.06,17.00,7000.00,-37.00,0.00,0.00
36350.00,1970-01-01 00:00:36.350,22.48,46.70,0.00,1.51,0.00,2.00,1.00,74.29,0.75,13.05,71.84,84.28,-199.92,32.09,0.49,0.93,17.00,7000.00,-37.00,0.00,0.00
36450.00,1970-01-01 00:00:36.450,22.46,47.28,0.00,1.51,0.00,2.00,1.00,75.23,0.75,12.91,71.84,84.28,-199.92,32.09,1.56,1.47,17.00,7000.00,-37.00,0.00,0.00
36550.00,1970-01-01 00:00:36.550,22.35,47.98,0.00,1.51,0.00,2.00,1.00,76.34,0.75,13.04,71.84,84.30,-199.92,32.13,2.74,1.71,17.00,7000.00,-37.00,0.00,0.00
36650.00,1970-01-01 00:00:36.650,22.23,48.57,0.00,1.51,0.00,2.00,1.00,77.27,0.75,13.06,71.93,84.30,-199.92,32.13,3.50,2.23,17.00,7000.00,-37.00,0.00,0.00
36750.00,1970-01-01 00:00:36.750,22.09,49.15,0.00,1.51,0.00,2.00,1.00,78.20,0.75,12.89,71.93,84.30,-199.92,32.13,4.66,2.82,17.00,7000.00,-37.00,0.00,0.00
36850.00,1970-01-01 00:00:36.850,22.05,49.74,0.00,1.51,0.00,2.00,1.00,79.14,0.75,13.06,71.82,84.30,-199.92,32.13,5.11,3.18,17.00,7000.00,-37.00,0.00,0.00
36950.00,1970-01-01 00:00:36.950,21.79,50.32,0.00,1.51,0.00,2.00,1.00,80.07,0.75,13.04,71.82,84.30,-199.92,32.20,5.58,3.44,17.00,7000.00,-37.00,0.00,0.00
37050.00,1970-01-01 00:00:37.050,21.57,50.91,0.00,1.51,0.00,2.00,1.00,81.00,0.75,12.91,71.82,84.34,-199.92,32.20,6.21,3.83,17.00,7000.00,-37.00,0.00,0.00
37150.00,1970-01-01 00:00:37.150,21.38,51.50,0.00,1.51,0.00,2.00,1.00,81.93,0.75,13.06,71.94,84.34,-199.92,32.20,6.28,3.92,17.00,7000.00,-37.00,0.00,0.00
37250.00,1970-01-01 00:00:37.250,21.06,52.08,0.00,1.51,0.00,2.00,1.00,82.86,0.75,13.03,71.94,84.34,-199.92,32.20,6.90,4.32,17.00,7000.00,-37.00,0.00,0.00
37350.00,1970-01-01 00:00:37.350,20.72,52.67,0.00,1.51,0.00,2.00,1.00,83.79,0.75,12.92,71.94,84.23,-199.92,32.23,7.06,4.47,17.00,7000.00,-37.00,0.00,0.00
37450.00,1970-01-01 00:00:37.450,20.39,53.25,0.00,1.51,0.00,2.00,1.00,84.72,0.75,13.03,72.14,84.23,-199.92,32.23,7.05,4.45,17.00,7000.00,-37.00,0.00,0.00
37550.00,1970-01-01 00:00:37.550,20.10,53.72,0.00,1.51,0.00,2.00,1.00,85.47,0.75,13.06,72.14,84.27,-199.92,32.23,7.00,4.45,17.00,7000.00,-37.00,0.00,0.00
37650.00,1970-01-01 00:00:37.650,19.74,54.30,0.00,1.51,0.00,2.00,1.00,86.40,0.75,12.91,72.15,84.27,-199.92,32.23,7.04,4.52,17.00,7000.00,-37.00,0.00,0.00
37750.00,1970-01-01 00:00:37.750,19.31,54.77,0.00,1.51,0.00,2.00,1.00,87.14,0.75,13.04,72.15,84.27,-199.92,32.18,7.03,4.54,17.00,7000.00,-37.00,0.00,0.00
37850.00,1970-01-01 00:00:37.850,18.98,55.36,0.00,1.51,0.00,2.00,1.00,88.07,0.75,13.07,72.15,84.30,-199.92,32.18,7.01,4.52,17.00,7000.00,-37.00,0.00,0.00
37950.00,1970-01-01 00:00:37.950,18.65,55.83,0.00,1.51,0.00,2.00,1.00,88.82,0.75,12.89,72.38,84.30,-199.92,32.18,7.02,4.52,17.00,7000.00,-37.00,0.00,0.00
38050.00,1970-01-01 00:00:38.050,18.17,56.29,0.00,1.51,0.00,2.00,1.00,89.56,0.75,13.06,72.38,84.34,-199.92,32.18,7.00,4.53,17.00,7000.00,-37.00,0.00,0.00
38150.00,1970-01-01 00:00:38.150,17.93,56.76,0.00,1.51,0.00,2.00,1.00,90.31,0.75,13.05,72.55,84.34,-199.92,32.19,7.00,4.51,17.00,7000.00,-37.00,0.00,0.00
38250.00,1970-01-01 00:00:38.250,17.54,57.23,0.00,1.51,0.00,2.00,1.00,91.05,0.75,12.91,72.55,84.34,-199.92,32.19,6.96,4.51,17.00,7000.00,-37.00,0.00,0.00
38350.00,1970-01-01 00:00:38.350,17.20,57.70,0.00,1.51,0.00,2.00,1.00,91.80,0.75,13.07,72.55,84.35,-199.92,32.19,6.98,4.49,17.00,7000.00,-37.00,0.00,0.00
38450.00,1970-01-01 00:00:38.450,16.70,58.17,0.00,1.51,0.00,2.00,1.00,92.54,0.75,13.04,72.69,84.35,-199.92,32.19,6.94,4.53,17.00,7000.00,-37.00,0.00,0.00
38550.00,1970-01-01 00:00:38.550,16.36,58.63,0.00,1.51,0.00,2.00,1.00,93.29,0.75,12.92,72.69,84.41,-199.92,32.16,6.96,4.51,17.00,7000.00,-37.00,0.00,0.00
38650.00,1970-01-01 00:00:38.650,16.06,58.99,0.00,1.51,0.00,2.00,1.00,93.85,0.75,13.04,72.69,84.41,-199.92,32.16,6.95,4.52,17.00,7000.00,-37.00,0.00,0.00
38750.00,1970-01-01 00:00:38.750,15.61,59.45,0.00,1.51,0.00,2.00,1.00,94.59,0.75,13.06,72.88,84.41,-199.92,32.16,6.94,4.50,17.00,7000.00,-37.00,0.00,0.00
38850.00,1970-01-01 00:00:38.850,15.21,59.80,0.00,1.51,0.00,2.00,1.00,95.15,0.75,12.91,72.88,84.35,-199.92,32.16,6.93,4.51,17.00,7000.00,-37.00,0.00,0.00
38950.00,1970-01-01 00:00:38.950,14.83,60.27,0.00,1.51,0.00,2.00,1.00,95.89,0.75,13.04,72.97,84.35,-199.92,32.25,6.93,4.50,17.00,7000.00,-37.00,0.00,0.00
39050.00,1970-01-01 00:00:39.050,14.55,60.62,0.00,1.51,0.00,2.00,1.00,96.45,0.75,13.07,72.97,84.40,-199.92,32.25,6.93,4.53,17.00,7000.00,-37.00,0.00,0.00
39150.00,1970-01-01 00:00:39.150,14.20,60.98,0.00,1.51,0.00,2.00,1.00,97.01,0.75,12.89,72.97,84.40,-199.92,32.25,6.93,4.51,17.00,7000.00,-37.00,0.00,0.00
39250.00,1970-01-01 00:00:39.250,13.81,61.33,0.00,1.51,0.00,2.00,1.00,97.57,0.75,13.06,73.11,84.40,-199.92,32.25,6.91,4.53,17.00,7000.00,-37.00,0.00,0.00
39350.00,1970-01-01 00:00:39.350,13.36,61.68,0.00,1.51,0.00,2.00,1.00,98.13,0.75,13.05,73.11,84.39,-199.92,32.24,6.92,4.53,17.00,7000.00,-37.00,0.00,0.00
39450.00,1970-01-01 00:00:39.450,13.07,62.03,0.00,1.51,0.00,2.00,1.00,98.69,0.75,12.91,73.24,84.39,-199.92,32.24,6.89,4.50,17.00,7000.00,-37.00,0.00,0.00
39550.00,1970-01-01 00:00:39.550,12.65,62.38,0.00,1.51,0.00,2.00,1.00,99.25,0.75,13.07,73.24,84.49,-199.92,32.24,6.92,4.53,17.00,7000.00,-37.00,0.00,0.00
39650.00,1970-01-01 00:00:39.650,12.24,62.73,0.00,1.51,0.00,2.00,1.00,99.80,0.75,13.04,73.24,84.49,-199.92,32.24,6.91,4.47,17.00,7000.00,-37.00,0.00,0.00
39750.00,1970-01-01 00:00:39.750,11.85,63.08,0.00,1.51,0.00,1.00,1.00,100.36,0.75,12.67,73.29,84.49,-199.92,32.29,6.90,4.44,17.00,7000.00,-37.00,0.00,0.00
39850.00,1970-01-01 00:00:39.850,11.47,63.32,0.00,1.51,0.00,1.00,1.00,100.73,0.75,13.04,73.29,84.53,-199.92,32.29,6.91,4.53,17.00,7000.00,-37.00,0.00,0.00
39950.00,1970-01-01 00:00:39.950,11.20,63.55,0.00,1.51,0.00,1.00,1.00,101.11,0.75,12.92,73.29,84.53,-199.92,32.29,6.90,4.46,17.00,7000.00,-37.00,0.00,0.00
40050.00,1970-01-01 00:00:40.050,10.76,63.90,0.00,1.51,0.00,1.00,1.00,101.67,0.75,12.86,73.25,84.46,-199.92,32.29,6.90,4.43,17.00,7000.00,-37.00,0.00,0.00
40150.00,1970-01-01 00:00:40.150,10.43,64.14,0.00,1.51,0.00,1.00,1.00,102.04,0.75,13.03,73.25,84.46,-199.92,32.36,6.87,4.41,17.00,7000.00,-37.00,0.00,0.00
40250.00,1970-01-01 00:00:40.250,10.02,64.49,0.00,1.51,0.00,1.00,1.00,102.60,0.75,12.96,73.36,84.46,-199.92,32.36,6.88,4.38,17.00,7000.00,-37.00,0.00,0.00
40350.00,1970-01-01 00:00:40.350,9.66,64.72,0.00,1.51,0.00,1.00,1.00,102.97,0.75,12.83,73.36,84.51,-199.92,32.36,6.88,4.36,17.00,7000.00,-37.00,0.00,0.00
40450.00,1970-01-01 00:00:40.450,9.18,64.95,0.00,1.51,0.00,1.00,1.00,103.34,0.75,13.05,73.36,84.51,-199.92,32.36,6.87,4.40,17.00,7000.00,-37.00,0.00,0.00
40550.00,1970-01-01 00:00:40.550,8.81,65.19,0.00,1.51,0.00,1.00,1.00,103.71,0.75,12.97,73.36,84.61,-199.92,32.38,6.88,4.40,17.00,7000.00,-37.00,0.00,0.00
40650.00,1970-01-01 00:00:40.650,8.61,65.31,0.00,1.51,0.00,1.00,1.00,103.90,0.75,12.85,73.36,84.61,-199.92,32.38,6.85,4.44,17.00,7000.00,-37.00,0.00,0.00
40750.00,1970-01-01 00:00:40.750,8.23,65.54,0.00,1.51,0.00,1.00,1.00,104.27,0.75,13.05,73.37,84.61,-199.92,32.38,6.86,4.45,17.00,7000.00,-37.00,0.00,0.00
40850.00,1970-01-01 00:00:40.850,7.79,65.77,0.00,1.51,0.00,1.00,1.00,104.65,0.75,13.01,73.37,84.55,-199.92,32.38,6.86,4.49,17.00,7000.00,-37.00,0.00,0.00
40950.00,1970-01-01 00:00:40.950,7.56,66.01,0.00,1.51,0.00,1.00,1.00,105.02,0.75,12.85,73.37,84.55,-199.92,32.38,6.86,4.50,17.00,7000.00,-37.00,0.00,0.00
41050.00,1970-01-01 00:00:41.050,7.13,66.12,0.00,1.51,0.00,1.00,1.00,105.20,0.75,13.01,73.37,84.61,-199.92,32.38,6.86,4.50,17.00,7000.00,-37.00,0.00,0.00
41150.00,1970-01-01 00:00:41.150,6.86,66.24,0.00,1.51,0.00,1.00,1.00,105.39,0.75,13.05,73.37,84.61,-199.92,32.38,6.82,4.50,17.00,7000.00,-37.00,0.00,0.00
41250.00,1970-01-01 00:00:41.250,6.32,66.48,0.00,1.51,0.00,1.00,1.00,105.76,0.75,12.82,73.37,84.61,-199.92,32.38,6.84,4.48,17.00,7000.00,-37.00,0.00,0.00
41350.00,1970-01-01 00:00:41.350,6.02,66.59,0.00,1.51,0.00,1.00,1.00,105.95,0.75,13.02,73.48,84.59,-199.92,32.40,6.82,4.52,17.00,7000.00,-37.00,0.00,0.00
41450.00,1970-01-01 00:00:41.450,5.70,66.71,0.00,1.51,0.00,1.00,1.00,106.13,0.75,13.06,73.48,84.59,-199.92,32.40,6.83,4.51,17.00,7000.00,-37.00,0.00,0.00
41550.00,1970-01-01 00:00:41.550,5.36,66.83,0.00,1.51,0.00,1.00,1.00,106.32,0.75,12.80,73.39,84.63,-199.92,32.40,6.80,4.52,17.00,7000.00,-37.00,0.00,0.00
41650.00,1970-01-01 00:00:41.650,5.03,66.94,0.00,1.51,0.00,1.00,1.00,106.51,0.75,13.02,73.39,84.63,-199.92,32.40,6.82,4.52,17.00,7000.00,-37.00,0.00,0.00
41750.00,1970-01-01 00:00:41.750,4.68,67.06,0.00,1.51,0.00,1.00,1.00,106.69,0.75,13.04,73.39,84.63,-199.92,32.38,6.83,4.51,17.00,7000.00,-37.00,0.00,0.00
41850.00,1970-01-01 00:00:41.850,4.28,67.18,0.00,1.51,0.00,1.00,1.00,106.88,0.75,12.80,73.45,84.61,-199.92,32.38,6.82,4.51,17.00,7000.00,-37.00,0.00,0.00
41950.00,1970-01-01 00:00:41.950,3.80,67.30,0.00,1.51,0.00,1.00,1.00,107.07,0.75,13.02,73.45,84.61,-199.92,32.38,6.82,4.50,17.00,7000.00,-37.00,0.00,0.00
42050.00,1970-01-01 00:00:42.050,3.80,67.30,0.00,1.51,0.00,1.00,1.00,107.07,0.75,13.03,73.52,84.68,-199.92,32.38,6.82,4.50,17.00,7000.00,-37.00,0.00,0.00
42150.00,1970-01-01 00:00:42.150,3.26,67.41,0.00,1.51,0.00,1.00,1.00,107.25,0.75,12.83,73.52,84.68,-199.92,32.34,6.82,4.51,17.00,7000.00,-37.00,0.00,0.00
42250.00,1970-01-01 00:00:42.250,3.26,67.41,0.00,1.51,0.00,1.00,1.00,107.25,0.75,12.99,73.52,84.68,-199.92,32.34,6.82,4.52,17.00,7000.00,-37.00,0.00,0.00
42350.00,1970-01-01 00:00:42.350,2.62,67.53,0.00,1.51,0.00,1.00,1.00,107.44,0.75,13.04,73.50,84.72,-199.92,32.34,6.79,4.51,17.00,7000.00,-37.00,0.00,0.00
42450.00,1970-01-01 00:00:42.450,2.62,67.53,0.00,1.51,0.00,1.00,1.00,107.44,0.75,12.84,73.50,84.72,-199.92,32.34,6.79,4.52,17.00,7000.00,-37.00,0.00,0.00
42550.00,1970-01-01 00:00:42.550,2.59,67.65,0.00,1.51,0.00,1.00,1.00,107.62,0.75,12.99,73.50,84.72,-199.92,32.47,6.76,4.51,17.00,7000.00,-37.00,0.00,0.00
42650.00,1970-01-01 00:00:42.650,1.61,67.65,0.00,1.51,0.00,1.00,1.00,107.62,0.75,13.05,73.45,84.72,-199.92,32.47,6.78,4.50,17.00,7000.00,-37.00,0.00,0.00
42750.00,1970-01-01 00:00:42.750,1.61,67.65,0.00,1.51,0.00,1.00,1.00,107.62,0.75,12.86,73.45,84.72,-199.92,32.47,6.79,4.50,17.00,7000.00,-37.00,0.00,0.00
42850.00,1970-01-01 00:00:42.850,1.61,67.65,0.00,1.51,0.00,1.00,1.00,107.62,0.75,12.99,73.58,84.75,-199.92,32.47,6.78,4.50,17.00,7000.00,-37.00,0.00,0.00
42950.00,1970-01-01 00:00:42.950,1.51,67.65,0.00,1.51,0.00,1.00,1.00,107.62,0.75,13.03,73.58,84.75,-199.92,32.58,6.74,4.48,17.00,7000.00,-37.00,0.00,0.00
43050.00,1970-01-01 00:00:43.050,-0.00,67.65,0.00,1.51,0.00,1.00,1.00,107.62,0.75,12.90,73.58,84.82,-199.92,32.58,6.68,4.51,17.00,7000.00,-37.00,0.00,0.00
43150.00,1970-01-01 00:00:43.150,-0.00,67.65,0.00,1.51,0.00,1.00,1.00,107.62,0.75,12.97,73.52,84.82,-199.92,32.58,6.72,4.53,17.00,7000.00,-37.00,0.00,0.00
43250.00,1970-01-01 00:00:43.250,-0.00,67.65,0.00,1.51,0.00,1.00,1.00,107.62,0.75,13.01,73.52,84.82,-199.92,32.58,6.71,4.50,17.00,7000.00,-37.00,0.00,0.00
43350.00,1970-01-01 00:00:43.350,0.00,67.65,0.00,1.51,0.00,1.00,1.00,107.62,0.75,12.92,73.55,84.72,-199.92,32.50,6.72,4.48,17.00,7000.00,-37.00,0.00,0.00
43450.00,1970-01-01 00:00:43.450,0.00,67.65,0.00,1.51,0.00,1.00,1.00,107.62,0.75,12.94,73.55,84.72,-199.92,32.50,6.72,4.48,17.00,7000.00,-37.00,0.00,0.00
43550.00,1970-01-01 00:00:43.550,0.00,67.65,0.00,1.51,0.00,1.00,1.00,107.62,0.75,13.02,73.55,84.80,-199.92,32.50,6.72,4.48,17.00,7000.00,-37.00,0.00,0.00
43650.00,1970-01-01 00:00:43.650,0.00,67.65,0.00,1.51,0.00,1.00,1.00,107.62,0.75,12.90,73.51,84.80,-199.92,32.50,6.72,4.48,17.00,7000.00,-37.00,0.00,0.00
43750.00,1970-01-01 00:00:43.750,0.00,67.65,0.00,1.51,0.00,1.00,1.00,107.62,0.75,12.94,73.51,84.80,-199.92,32.53,6.70,4.50,17.00,7000.00,-37.00,0.00,0.00
43850.00,1970-01-01 00:00:43.850,-0.00,67.65,0.00,1.51,0.00,1.00,1.00,107.62,0.75,13.03,73.51,84.91,-199.92,32.53,6.71,4.50,17.00,7000.00,-37.00,0.00,0.00
43950.00,1970-01-01 00:00:43.950,-0.00,67.65,0.00,1.51,0.00,1.00,1.00,107.62,0.75,12.88,73.44,84.91,-198.58,32.53,6.70,4.48,17.00,7000.00,-37.00,0.00,0.00
44050.00,1970-01-01 00:00:44.050,-0.00,67.65,0.00,1.51,0.00,1.00,1.00,107.62,0.75,12.98,73.44,84.88,-198.58,32.53,6.69,4.47,17.00,7000.00,-37.00,0.00,0.00
44150.00,1970-01-01 00:00:44.150,0.00,67.65,0.00,1.51,0.00,1.00,1.00,107.62,0.75,13.00,73.48,84.88,-196.09,32.61,6.69,4.46,17.00,7000.00,-37.00,0.00,0.00
44250.00,1970-01-01 00:00:44.250,0.00,67.65,0.00,1.51,0.00,1.00,1.00,107.62,0.75,12.90,73.48,84.88,-196.09,32.61,6.64,4.45,17.00,7000.00,-37.00,0.00,0.00
44350.00,1970-01-01 00:00:44.350,0.00,67.65,0.00,1.51,0.00,1.00,1.00,107.62,0.75,13.01,73.48,84.91,-196.09,32.61,6.63,4.45,17.00,7000.00,-37.00,0.00,0.00
44450.00,1970-01-01 00:00:44.450,0.00,67.65,0.00,1.51,0.00,1.00,1.00,107.62,0.75,12.98,73.38,84.91,-193.98,32.61,6.65,4.45,17.00,7000.00,-37.00,0.00,0.00
